,rk,team1,year,date,time,local_time,home_away,team2,Week,Game_Number,day,win1?,OT,points_1,points_2,point_differential,combined_points,spread,team1_covered_spread?,over_under,over_under_result?,pass_completions1,pass_attempts1,completion_percentage1,passing_yards1,passing_touchdowns1,interceptions1,times_sacked1,sack_yards_lost1,qbr1,rushing_attempts1,rushing_yards1,rushing_yards_per_attempt1,rushing_touchdowns1,total_yards1,offensive_plays1,yards_per_play_offense1,defensive_plays1,yards_allowed_per_defensive_play1,turnovers_lost1,time_of_possession1,game_duration
0,1,SFO,2019,2020-02-02,6:30,6:30,Neutral,KAN,21,20,Sun,L 20-31,,20,31,-11,51,1.5,not covered,52.5,under,20,31,64.5,210,1,2,1,9,67.9,22,141,6.41,1,351,54,6.5000,75,5.2933,2,26:47,3:29
1,2,GNB,2019,2020-01-19,6:40,3:40,Away,SFO,20,19,Sun,L 20-37,,20,37,-17,57,8.0,not covered,46.5,over,31,39,79.5,296,2,2,3,30,94.0,16,62,3.88,1,358,58,6.1724,51,6.9412,3,31:13,3:03
2,3,TEN,2019,2020-01-19,3:05,2:05,Away,KAN,20,20,Sun,L 24-35,,24,35,-11,59,7.5,not covered,51.0,over,22,32,68.8,210,2,0,3,27,107.6,23,85,3.70,1,295,58,5.0862,64,6.3125,,30:10,3:04
3,4,HOU,2019,2020-01-12,3:05,2:05,Away,KAN,19,19,Sun,L 31-51,,31,51,-20,82,10.0,not covered,50.5,over,31,52,59.6,348,2,0,5,40,92.5,21,94,4.48,1,442,78,5.6667,57,7.6140,1,34:35,3:25
4,5,SEA,2019,2020-01-12,6:40,5:40,Away,GNB,19,19,Sun,L 23-28,,23,28,-5,51,4.5,not covered,46.0,over,21,31,67.7,265,1,0,5,12,104.9,24,110,4.58,2,375,60,6.2500,59,5.8305,,30:31,3:09
5,6,MIN,2019,2020-01-11,4:35,1:35,Away,SFO,19,19,Sat,L 10-27,,10,27,-17,37,7.0,not covered,44.5,under,21,29,72.4,126,1,1,6,46,77.7,10,21,2.10,0,147,45,3.2667,68,4.5294,2,21:33,2:49
6,7,TEN,2019,2020-01-11,8:15,8:15,Away,BAL,19,19,Sat,W 28-12,,28,12,16,40,10.0,covered,47.5,under,8,15,53.3,83,3,0,1,8,109.2,37,217,5.86,1,300,53,5.6604,92,5.7609,,27:54,3:13
7,8,MIN,2019,2020-01-05,1:05,12:05,Away,NOR,18,18,Sun,W 26-20,OT,26,20,6,46,7.5,covered,50.0,under,19,31,61.3,226,1,0,3,16,94.3,40,136,3.40,2,362,74,4.8919,54,6.0000,1,36:56,3:18
8,9,SEA,2019,2020-01-05,4:40,4:40,Away,PHI,18,18,Sun,W 17-9,,17,9,8,26,1.0,covered,44.0,under,18,30,60.0,318,1,0,1,7,107.4,26,64,2.46,1,382,57,6.7018,61,4.6230,,26:45,2:57
9,10,BUF,2019,2020-01-04,4:35,3:35,Away,HOU,18,18,Sat,L 19-22,OT,19,22,-3,41,2.5,not covered,43.0,under,25,48,52.1,253,1,0,3,27,74.4,30,172,5.73,0,425,81,5.2469,65,5.5385,1,35:15,3:38
10,11,TEN,2019,2020-01-04,8:15,8:15,Away,NWE,18,18,Sat,W 20-13,,20,13,7,33,4.5,covered,45.0,under,9,16,56.3,71,1,1,1,5,62.2,40,201,5.03,1,272,57,4.7719,59,5.2034,1,31:09,2:57
11,12,ATL,2019,2019-12-29,1:00,1:00,Away,TAM,17,16,Sun,W 28-22,OT,28,22,6,50,1.0,covered,48.0,over,30,51,58.8,286,1,0,6,27,81.0,30,87,2.90,0,373,87,4.2874,46,7.1522,1,36:22,3:13
12,13,BUF,2019,2019-12-29,1:00,1:00,Home,NYJ,17,16,Sun,L 6-13,,6,13,-7,19,1.5,not covered,37.0,under,21,40,52.5,236,0,2,1,1,49.6,20,73,3.65,0,309,61,5.0656,65,4.1692,3,28:39,3:01
13,14,CAR,2019,2019-12-29,1:00,1:00,Home,NOR,17,16,Sun,L 10-42,,10,42,-32,52,13.5,not covered,45.0,over,26,49,53.1,288,0,2,2,11,53.8,18,41,2.28,1,329,69,4.7681,67,5.6567,3,24:20,3:06
14,15,CIN,2019,2019-12-29,1:00,1:00,Home,CLE,17,16,Sun,W 33-23,,33,23,10,56,2.5,covered,44.0,over,16,28,57.1,182,1,1,1,8,73.8,39,179,4.59,3,361,68,5.3088,53,5.9057,1,34:41,3:00
15,16,ARI,2019,2019-12-29,4:25,1:25,Away,LAR,17,16,Sun,L 24-31,,24,31,-7,55,7.0,push,46.0,over,27,43,62.8,322,2,2,1,3,81.7,17,71,4.18,1,393,61,6.4426,79,5.3671,5,23:02,3:19
16,17,DET,2019,2019-12-29,1:00,1:00,Home,GNB,17,16,Sun,L 20-23,,20,23,-3,43,13.5,covered,44.0,under,13,30,43.3,134,1,1,1,7,54.0,25,171,6.84,1,305,56,5.4464,86,5.0233,1,25:04,3:20
17,18,HOU,2019,2019-12-29,4:25,3:25,Home,TEN,17,16,Sun,L 14-35,,14,35,-21,49,10.0,not covered,43.0,over,21,36,58.3,192,0,1,4,33,61.3,25,109,4.36,2,301,65,4.6308,60,7.7833,1,31:39,2:53
18,19,JAX,2019,2019-12-29,4:25,4:25,Home,IND,17,16,Sun,W 38-20,,38,20,18,58,5.0,covered,41.5,over,27,39,69.2,286,3,1,3,9,105.3,24,67,2.79,0,353,66,5.3485,55,5.0000,1,33:53,3:03
19,20,MIA,2019,2019-12-29,1:00,1:00,Away,NWE,17,16,Sun,W 27-24,,27,24,3,51,17.5,covered,46.0,over,29,44,65.9,326,1,0,2,14,95.5,22,63,2.86,1,389,68,5.7206,57,6.1754,,33:51,3:01
21,21,MIN,2019,2019-12-29,1:00,3:00,Home,CHI,17,16,Sun,L 19-21,,19,21,-2,40,5.0,covered,36.5,over,12,21,57.1,126,0,2,0,0,35.1,26,174,6.69,1,300,47,6.3830,75,4.4933,3,22:20,2:56
22,22,NYG,2019,2019-12-29,4:25,4:25,Home,PHI,17,16,Sun,L 17-34,,17,34,-17,51,4.0,not covered,44.0,over,28,47,59.6,275,1,1,4,26,74.3,21,122,5.81,1,397,72,5.5139,72,5.5556,2,28:35,3:14
23,23,OAK,2019,2019-12-29,4:25,2:25,Away,DEN,17,16,Sun,L 15-16,,15,16,-1,31,5.5,covered,41.5,under,29,46,63.0,380,1,0,2,11,96.3,22,97,4.41,0,477,70,6.8143,57,4.1754,1,33:00,3:22
24,24,BAL,2019,2019-12-29,4:25,4:25,Home,PIT,17,16,Sun,W 28-10,,28,10,18,38,2.0,covered,35.0,over,11,21,52.4,81,0,1,3,15,42.0,44,223,5.07,1,304,68,4.4706,50,3.3600,2,39:27,3:02
25,25,LAC,2019,2019-12-29,1:00,12:00,Away,KAN,17,16,Sun,L 21-31,,21,31,-10,52,10.0,push,46.0,over,31,46,67.4,258,2,2,3,23,78.0,25,108,4.32,1,366,74,4.9459,48,7.0000,2,36:04,3:03
26,26,SEA,2019,2019-12-29,8:20,5:20,Home,SFO,17,16,Sun,L 21-26,,21,26,-5,47,3.5,not covered,47.0,push,25,40,62.5,223,2,0,1,10,94.1,30,125,4.17,1,348,71,4.9014,48,8.2917,,32:56,3:05
27,27,WAS,2019,2019-12-29,4:25,3:25,Away,DAL,17,16,Sun,L 16-47,,16,47,-31,63,12.5,not covered,47.5,over,18,37,48.6,183,1,1,2,23,61.0,20,88,4.40,0,271,59,4.5932,72,7.1806,2,25:45,3:14
28,28,GNB,2019,2019-12-23,8:15,10:15,Away,MIN,16,15,Mon,W 23-10,,23,10,13,33,4.0,covered,47.0,under,26,40,65.0,199,0,1,3,17,66.6,32,184,5.75,2,383,75,5.1067,53,2.6226,3,37:32,3:09
29,29,CAR,2019,2019-12-22,1:00,1:00,Away,IND,16,15,Sun,L 6-38,,6,38,-32,44,7.5,not covered,46.0,under,28,45,62.2,199,0,3,5,37,44.6,21,87,4.14,0,286,71,4.0282,62,5.2258,3,32:21,3:02
30,30,CHI,2019,2019-12-22,8:20,7:20,Home,KAN,16,15,Sun,L 3-26,,3,26,-23,29,6.5,not covered,45.5,under,18,34,52.9,133,0,0,3,24,62.5,22,101,4.59,0,234,59,3.9661,63,5.5556,,26:36,2:47
31,31,CLE,2019,2019-12-22,1:00,1:00,Home,BAL,16,15,Sun,L 15-31,,15,31,-16,46,9.5,not covered,48.5,under,20,33,60.6,184,2,1,1,8,83.4,19,57,3.00,0,241,53,4.5472,71,6.7746,1,25:41,3:05
32,32,ARI,2019,2019-12-22,4:25,1:25,Away,SEA,16,15,Sun,W 27-13,,27,13,14,40,8.0,covered,51.0,under,15,27,55.6,159,1,0,2,8,85.3,40,253,6.33,2,412,69,5.9710,56,4.0000,,34:53,3:18
33,33,DET,2019,2019-12-22,4:05,2:05,Away,DEN,16,15,Sun,L 17-27,,17,27,-10,44,9.5,not covered,40.0,over,12,24,50.0,95,1,0,4,22,74.1,21,96,4.57,0,191,49,3.8980,67,5.1940,,23:52,2:54
34,34,JAX,2019,2019-12-22,1:00,1:00,Away,ATL,16,15,Sun,L 12-24,,12,24,-12,36,7.5,not covered,48.0,under,14,32,43.8,173,1,0,3,15,71.5,24,115,4.79,0,288,59,4.8814,73,7.0959,1,26:53,2:57
35,35,MIA,2019,2019-12-22,1:00,1:00,Home,CIN,16,15,Sun,W 38-35,OT,38,35,3,73,1.5,covered,46.0,over,31,52,59.6,406,4,1,2,13,101.9,34,96,2.82,1,502,88,5.7045,85,5.0588,1,36:24,4:00
36,36,NYJ,2019,2019-12-22,1:00,1:00,Home,PIT,16,15,Sun,W 16-10,,16,10,6,26,3.0,covered,36.5,under,16,26,61.5,174,1,0,2,9,94.1,32,85,2.66,0,259,60,4.3167,66,3.9394,1,28:28,2:53
37,37,TEN,2019,2019-12-22,1:00,12:00,Home,NOR,16,15,Sun,L 28-38,,28,38,-10,66,3.5,not covered,49.0,over,17,27,63.0,248,3,0,5,24,129.9,26,149,5.73,1,397,58,6.8448,66,5.7121,1,28:56,3:20
38,38,PHI,2019,2019-12-22,4:25,4:25,Home,DAL,16,15,Sun,W 17-9,,17,9,8,26,2.0,covered,47.0,under,31,40,77.5,313,1,0,1,6,107.6,30,118,3.93,1,431,71,6.0704,62,5.0161,,36:12,3:08
39,39,OAK,2019,2019-12-22,4:05,1:05,Away,LAC,16,15,Sun,W 24-17,,24,17,7,41,7.5,covered,45.0,under,26,30,86.7,267,1,0,3,24,114.9,29,99,3.41,2,366,62,5.9032,56,5.0714,,33:24,3:01
40,40,WAS,2019,2019-12-22,1:00,1:00,Home,NYG,16,15,Sun,L 35-41,OT,35,41,-6,76,1.0,not covered,42.0,over,29,38,76.3,281,3,0,3,21,122.8,26,80,3.08,2,361,67,5.3881,69,8.0000,,33:48,3:36
42,41,BUF,2019,2019-12-21,4:30,4:30,Away,NWE,16,15,Sat,L 17-24,,17,24,-7,41,7.0,push,38.5,over,13,26,50.0,176,2,0,4,32,97.6,23,92,4.00,0,268,53,5.0566,68,6.0882,,21:08,3:03
43,42,LAR,2019,2019-12-21,8:15,5:15,Away,SFO,16,15,Sat,L 31-34,,31,34,-3,65,7.0,covered,45.5,over,27,46,58.7,323,2,1,0,0,85.7,24,72,3.00,2,395,70,5.6429,56,5.9643,1,32:21,3:06
44,43,TAM,2019,2019-12-21,1:00,1:00,Home,HOU,16,15,Sat,L 20-23,,20,23,-3,43,3.0,push,50.0,under,25,48,52.1,329,1,4,3,6,46.3,21,106,5.05,1,435,72,6.0417,63,3.6349,5,30:28,3:15
45,44,IND,2019,2019-12-16,8:15,7:15,Away,NOR,15,14,Mon,L 7-34,,7,34,-27,41,8.0,not covered,48.5,under,18,34,52.9,159,0,0,1,6,65.7,17,46,2.71,1,205,52,3.9423,63,6.7302,,23:38,2:55
46,45,ATL,2019,2019-12-15,4:25,1:25,Away,SFO,15,14,Sun,W 29-22,,29,22,7,51,10.5,covered,50.0,over,25,39,64.1,201,2,0,2,9,94.1,20,89,4.45,1,290,61,4.7541,62,5.0484,1,29:12,3:14
47,46,BUF,2019,2019-12-15,8:20,8:20,Away,PIT,15,14,Sun,W 17-10,,17,10,7,27,1.0,covered,37.0,under,13,25,52.0,131,1,1,1,8,63.9,38,130,3.42,1,261,64,4.0781,56,4.0893,2,32:20,3:01
48,47,CAR,2019,2019-12-15,1:00,1:00,Home,SEA,15,14,Sun,L 24-30,,24,30,-6,54,6.0,push,48.5,over,25,42,59.5,269,1,3,1,8,56.5,29,145,5.00,2,414,72,5.7500,63,6.7937,3,28:42,3:06
49,48,CHI,2019,2019-12-15,1:00,12:00,Away,GNB,15,14,Sun,L 13-21,,13,21,-8,34,4.0,not covered,40.0,under,29,53,54.7,319,1,2,3,15,63.3,27,96,3.56,0,415,83,5.0000,58,5.0345,3,34:22,3:17
50,49,CIN,2019,2019-12-15,1:00,1:00,Home,NWE,15,14,Sun,L 13-34,,13,34,-21,47,10.5,not covered,42.0,over,17,31,54.8,151,1,4,0,0,39.2,32,164,5.13,0,315,63,5.0000,63,4.6190,5,32:51,3:05
51,50,ARI,2019,2019-12-15,4:05,2:05,Home,CLE,15,14,Sun,W 38-24,,38,24,14,62,3.0,covered,49.0,over,19,25,76.0,219,1,1,0,0,98.6,35,226,6.46,4,445,60,7.4167,67,5.8657,1,29:11,3:00
52,51,DAL,2019,2019-12-15,4:25,3:25,Home,LAR,15,14,Sun,W 44-21,,44,21,23,65,1.0,covered,48.5,over,15,23,65.2,212,2,0,0,0,123.8,45,263,5.84,3,475,68,6.9853,68,4.2500,,36:06,3:14
53,52,DEN,2019,2019-12-15,1:00,12:00,Away,KAN,15,14,Sun,L 3-23,,3,23,-20,26,10.0,not covered,43.0,under,18,40,45.0,199,0,1,2,9,49.9,15,52,3.47,0,251,57,4.4035,62,6.7581,1,26:27,2:57
54,53,DET,2019,2019-12-15,1:00,1:00,Home,TAM,15,14,Sun,L 17-38,,17,38,-21,55,5.5,not covered,46.0,over,24,43,55.8,250,0,2,2,10,53.4,18,45,2.50,2,295,63,4.6825,73,6.7808,3,26:41,3:14
55,54,HOU,2019,2019-12-15,1:00,12:00,Away,TEN,15,14,Sun,W 24-21,,24,21,3,45,3.0,covered,50.0,under,19,27,70.4,234,2,2,1,9,90.7,35,140,4.00,1,374,63,5.9365,67,6.4478,2,31:20,3:02
56,55,JAX,2019,2019-12-15,4:05,1:05,Away,OAK,15,14,Sun,W 20-16,,20,16,4,36,7.0,covered,47.0,under,17,29,58.6,185,2,0,2,16,100.5,22,77,3.50,0,262,53,4.9434,72,5.0556,,25:48,3:03
57,56,MIA,2019,2019-12-15,1:00,1:00,Away,NYG,15,14,Sun,L 20-36,,20,36,-16,56,3.5,not covered,47.0,over,23,41,56.1,262,2,0,3,17,91.7,25,122,4.88,0,384,69,5.5652,63,6.5397,1,28:53,3:11
58,57,LAC,2019,2019-12-15,4:05,1:05,Home,MIN,15,14,Sun,L 10-39,,10,39,-29,49,1.0,not covered,45.0,over,28,39,71.8,283,1,3,3,24,68.6,19,62,3.26,0,345,61,5.6557,62,5.5484,7,27:39,2:59
59,58,WAS,2019,2019-12-15,1:00,1:00,Home,PHI,15,14,Sun,L 27-37,,27,37,-10,64,7.0,not covered,38.0,over,19,28,67.9,251,2,0,1,10,119.8,22,101,4.59,1,352,51,6.9020,73,5.6849,1,23:03,3:09
60,59,NYJ,2019,2019-12-12,8:20,8:20,Away,BAL,15,14,Thu,L 21-42,,21,42,-21,63,17.0,not covered,44.0,over,18,32,56.3,207,2,1,1,11,83.7,24,103,4.29,0,310,57,5.4386,59,7.2881,2,28:22,3:00
61,60,NYG,2019,2019-12-09,8:15,8:15,Away,PHI,14,13,Mon,L 17-23,OT,17,23,-6,40,9.5,covered,45.5,under,15,30,50.0,182,2,0,2,21,91.2,20,73,3.65,0,255,52,4.9038,85,4.9176,,21:59,3:20
63,61,BUF,2019,2019-12-08,1:00,1:00,Home,BAL,14,13,Sun,L 17-24,,17,24,-7,41,6.5,not covered,44.0,under,17,39,43.6,105,1,0,6,41,59.5,23,104,4.52,0,209,68,3.0735,59,4.3559,1,27:11,3:11
64,62,CAR,2019,2019-12-08,1:00,1:00,Away,ATL,14,13,Sun,L 20-40,,20,40,-20,60,3.5,not covered,48.0,over,28,41,68.3,245,1,2,5,48,71.7,22,100,4.55,1,345,68,5.0735,67,6.8806,4,28:16,3:11
65,63,CIN,2019,2019-12-08,1:00,1:00,Away,CLE,14,13,Sun,L 19-27,,19,27,-8,46,6.5,not covered,43.0,over,23,39,59.0,272,0,1,2,16,69.6,31,179,5.77,1,451,72,6.2639,52,6.4038,1,34:31,3:15
66,64,IND,2019,2019-12-08,1:00,1:00,Away,TAM,14,13,Sun,L 35-38,,35,38,-3,73,3.0,push,46.5,over,19,36,52.8,243,2,0,1,8,92.7,22,66,3.00,1,309,59,5.2373,78,6.9487,1,25:45,3:14
67,65,ARI,2019,2019-12-08,4:25,2:25,Home,PIT,14,13,Sun,L 17-23,,17,23,-6,40,2.5,not covered,43.5,under,20,30,66.7,165,2,3,5,29,63.2,22,71,3.23,0,236,57,4.1404,57,4.8246,3,28:06,2:46
68,66,DEN,2019,2019-12-08,1:00,12:00,Away,HOU,14,13,Sun,W 38-24,,38,24,14,62,8.0,covered,42.5,over,22,27,81.5,301,3,1,1,8,134.7,27,90,3.33,1,391,55,7.1091,75,5.5200,1,31:25,3:12
69,67,DET,2019,2019-12-08,1:00,3:00,Away,MIN,14,13,Sun,L 7-20,,7,20,-13,27,12.0,not covered,43.5,under,24,40,60.0,161,1,2,5,44,56.4,22,70,3.18,0,231,67,3.4478,70,5.0571,2,26:17,3:07
70,68,JAX,2019,2019-12-08,4:05,4:05,Home,LAC,14,13,Sun,L 10-45,,10,45,-35,55,3.5,not covered,42.0,over,25,38,65.8,164,1,0,2,7,83.7,23,88,3.83,0,252,63,4.0000,58,9.0517,,30:37,2:57
71,69,KAN,2019,2019-12-08,4:25,4:25,Away,NWE,14,13,Sun,W 23-16,,23,16,7,39,3.0,covered,49.5,under,26,40,65.0,271,1,1,1,12,82.4,29,75,2.59,1,346,70,4.9429,62,4.4839,2,34:21,3:15
72,70,MIA,2019,2019-12-08,1:00,1:00,Away,NYJ,14,13,Sun,L 21-22,,21,22,-1,43,5.0,covered,47.0,under,21,37,56.8,240,0,1,2,5,65.1,26,122,4.69,0,362,65,5.5692,69,5.4203,1,30:06,3:06
73,71,OAK,2019,2019-12-08,4:25,1:25,Home,TEN,14,13,Sun,L 21-42,,21,42,-21,63,3.0,not covered,47.0,over,25,34,73.5,258,2,0,2,4,114.6,24,97,4.04,1,355,60,5.9167,59,9.3559,1,30:48,2:58
74,72,SEA,2019,2019-12-08,8:20,5:20,Away,LAR,14,13,Sun,L 12-28,,12,28,-16,40,1.0,not covered,47.5,under,22,36,61.1,202,0,1,5,43,64.8,21,106,5.05,0,308,62,4.9677,67,6.7910,1,28:56,3:01
75,73,SFO,2019,2019-12-08,1:00,12:00,Away,NOR,14,13,Sun,W 48-46,,48,46,2,94,1.0,covered,45.0,over,27,36,75.0,354,5,1,3,30,133.6,24,162,6.75,1,516,63,8.1905,68,6.8382,1,28:37,3:23
76,74,WAS,2019,2019-12-08,1:00,12:00,Away,GNB,14,13,Sun,L 15-20,,15,20,-5,35,13.0,covered,42.5,under,16,27,59.3,141,1,1,4,29,70.1,28,121,4.32,1,262,59,4.4407,60,5.6833,1,29:36,2:59
77,75,CHI,2019,2019-12-05,8:20,7:20,Home,DAL,14,13,Thu,W 31-24,,31,24,7,55,3.0,covered,43.0,over,23,31,74.2,231,3,1,2,13,113.8,34,151,4.44,1,382,67,5.7015,73,5.5890,2,32:18,3:14
78,76,MIN,2019,2019-12-02,8:15,5:15,Away,SEA,13,12,Mon,L 30-37,,30,37,-7,67,2.5,not covered,48.0,over,22,38,57.9,276,2,1,0,0,87.2,14,78,5.57,1,354,52,6.8077,76,5.8421,3,20:15,3:13
79,77,CIN,2019,2019-12-01,1:00,1:00,Home,NYJ,13,12,Sun,W 22-6,,22,6,16,28,2.5,covered,43.0,under,22,37,59.5,233,1,0,1,10,86.9,25,44,1.76,1,277,63,4.3968,69,3.9275,,31:41,3:11
80,78,IND,2019,2019-12-01,1:00,1:00,Home,TEN,13,12,Sun,L 17-31,,17,31,-14,48,1.0,not covered,41.5,over,25,40,62.5,309,1,2,3,10,73.9,24,82,3.42,1,391,67,5.8358,58,5.0345,3,32:31,3:07
81,79,ARI,2019,2019-12-01,4:05,2:05,Home,LAR,13,12,Sun,L 7-34,,7,34,-27,41,2.5,not covered,47.0,under,19,34,55.9,124,0,1,6,39,51.6,21,74,3.52,1,198,61,3.2459,76,7.2237,1,25:23,3:01
82,80,DEN,2019,2019-12-01,4:25,2:25,Home,LAC,13,12,Sun,W 23-20,,23,20,3,43,4.5,covered,39.0,over,18,28,64.3,134,2,1,0,0,84.5,25,84,3.36,0,218,53,4.1132,61,5.8852,1,27:51,3:01
84,81,HOU,2019,2019-12-01,8:20,7:20,Home,NWE,13,12,Sun,W 28-22,,28,22,6,50,3.5,covered,47.0,over,19,26,73.1,224,4,0,3,16,138.5,23,52,2.26,0,276,52,5.3077,79,5.6709,,25:25,3:16
85,82,JAX,2019,2019-12-01,1:00,1:00,Home,TAM,13,12,Sun,L 11-28,,11,28,-17,39,3.0,not covered,46.5,under,23,41,56.1,193,1,2,5,47,56.3,17,49,2.88,0,242,63,3.8413,68,4.6324,4,26:28,3:20
86,83,MIA,2019,2019-12-01,1:00,1:00,Home,PHI,13,12,Sun,W 37-31,,37,31,6,68,10.5,covered,45.0,over,28,40,70.0,351,4,1,3,15,119.9,20,58,2.90,1,409,63,6.4921,67,5.7612,1,31:18,3:27
87,84,NYG,2019,2019-12-01,1:00,1:00,Home,GNB,13,12,Sun,L 13-31,,13,31,-18,44,6.5,not covered,43.5,over,20,37,54.1,240,1,3,0,0,49.4,27,95,3.52,0,335,64,5.2344,59,5.4576,3,31:17,2:56
88,85,PIT,2019,2019-12-01,1:00,1:00,Home,CLE,13,12,Sun,W 20-13,,20,13,7,33,1.0,covered,40.0,under,14,21,66.7,199,1,1,1,13,93.2,32,124,3.88,1,323,54,5.9815,63,4.4286,1,27:54,3:10
89,86,OAK,2019,2019-12-01,4:25,3:25,Away,KAN,13,12,Sun,L 9-40,,9,40,-31,49,11.5,not covered,49.5,under,20,30,66.7,210,1,2,2,12,70.1,25,122,4.88,0,332,57,5.8246,59,4.3898,3,31:41,2:53
90,87,SFO,2019,2019-12-01,1:00,1:00,Away,BAL,13,12,Sun,L 17-20,,17,20,-3,37,5.5,covered,45.0,under,15,21,71.4,157,1,0,2,8,108.6,29,174,6.00,1,331,52,6.3654,62,4.5645,1,27:34,2:56
91,88,WAS,2019,2019-12-01,1:00,1:00,Away,CAR,13,12,Sun,W 29-21,,29,21,8,50,10.5,covered,38.5,over,13,25,52.0,114,0,0,5,33,64.4,30,248,8.27,3,362,60,6.0333,73,3.8082,,30:37,3:32
92,89,ATL,2019,2019-11-28,8:20,8:20,Home,NOR,13,12,Thu,L 18-26,,18,26,-8,44,7.0,not covered,48.0,under,35,50,70.0,259,2,2,9,53,78.7,26,89,3.42,0,348,85,4.0941,49,5.6939,3,35:37,3:12
93,90,BUF,2019,2019-11-28,4:30,3:30,Away,DAL,13,12,Thu,W 26-15,,26,15,11,41,6.5,covered,46.5,under,20,25,80.0,232,2,0,4,27,132.0,34,124,3.65,1,356,63,5.6508,72,5.9167,,33:18,3:11
94,91,DET,2019,2019-11-28,12:30,12:30,Home,CHI,13,12,Thu,L 20-24,,20,24,-4,44,5.5,covered,37.5,over,22,38,57.9,259,2,1,2,21,85.3,27,105,3.89,0,364,67,5.4328,62,6.7581,1,29:10,3:23
95,92,LAR,2019,2019-11-25,8:15,5:15,Home,BAL,12,11,Mon,L 6-45,,6,45,-39,51,3.5,not covered,47.0,over,26,37,70.3,199,0,2,2,13,60.5,9,22,2.44,0,221,48,4.6042,74,6.4865,2,20:04,2:54
96,93,CAR,2019,2019-11-24,1:00,12:00,Away,NOR,12,11,Sun,L 31-34,,31,34,-3,65,10.0,covered,46.0,over,23,36,63.9,230,3,0,4,26,109.7,29,121,4.17,1,351,69,5.0870,59,7.0847,1,31:33,3:26
97,94,CIN,2019,2019-11-24,1:00,1:00,Home,PIT,12,11,Sun,L 10-16,,10,16,-6,26,5.5,not covered,37.5,under,12,26,46.2,158,1,0,4,34,78.7,21,86,4.10,0,244,51,4.7843,68,4.9706,2,25:20,3:08
98,95,DAL,2019,2019-11-24,4:25,4:25,Away,NWE,12,11,Sun,L 9-13,,9,13,-4,22,5.5,covered,44.0,under,19,33,57.6,212,0,1,0,0,64.2,26,109,4.19,0,321,59,5.4407,66,4.2727,1,30:22,3:06
99,96,DEN,2019,2019-11-24,1:00,1:00,Away,BUF,12,11,Sun,L 3-20,,3,20,-17,23,3.5,not covered,37.0,under,10,25,40.0,49,0,1,4,33,31.2,17,85,5.00,0,134,46,2.9130,73,5.8082,1,24:56,2:57
100,97,GNB,2019,2019-11-24,8:20,5:20,Away,SFO,12,11,Sun,L 8-37,,8,37,-29,45,3.0,not covered,48.0,under,23,37,62.2,81,1,0,5,38,75.4,28,117,4.18,0,198,70,2.8286,45,7.5333,1,35:16,2:56
101,98,JAX,2019,2019-11-24,4:05,3:05,Away,TEN,12,11,Sun,L 20-42,,20,42,-22,62,4.5,not covered,42.0,over,32,48,66.7,252,0,0,3,20,79.5,27,117,4.33,2,369,78,4.7308,52,9.0577,1,36:56,3:01
102,99,MIA,2019,2019-11-24,1:00,1:00,Away,CLE,12,11,Sun,L 24-41,,24,41,-17,65,11.0,not covered,45.5,over,21,39,53.8,192,2,2,4,22,63.2,20,92,4.60,1,284,63,4.5079,67,6.9701,2,23:54,3:09
103,100,NYG,2019,2019-11-24,1:00,12:00,Away,CHI,12,11,Sun,L 14-19,,14,19,-5,33,6.0,covered,41.0,under,21,36,58.3,134,2,0,1,16,84.7,21,109,5.19,0,243,58,4.1897,69,4.8551,1,26:49,3:02
0,101,NYJ,2019,2019-11-24,1:00,1:00,Home,OAK,12,11,Sun,W 34-3,,34,3,31,37,3.5,covered,45.0,under,20,29,69.0,313,2,0,1,2,127.5,30,88,2.93,1,401,60,6.6833,57,3.6491,1,31:30,2:52
1,102,PHI,2019,2019-11-24,1:00,1:00,Home,SEA,12,11,Sun,L 9-17,,9,17,-8,26,1.0,not covered,45.5,under,33,45,73.3,238,1,2,3,18,74.1,23,106,4.61,0,344,71,4.8451,57,6.1053,5,31:55,3:12
2,103,TAM,2019,2019-11-24,1:00,1:00,Away,ATL,12,11,Sun,W 35-22,,35,22,13,57,3.5,covered,51.5,over,18,28,64.3,313,3,2,0,0,108.2,34,133,3.91,1,446,62,7.1935,80,4.2125,2,28:22,3:22
3,104,WAS,2019,2019-11-24,1:00,1:00,Home,DET,12,11,Sun,W 19-16,,19,16,3,35,4.0,covered,39.0,under,13,30,43.3,144,0,1,3,12,44.3,24,86,3.58,0,230,57,4.0351,71,5.1268,2,26:30,3:15
4,105,IND,2019,2019-11-21,8:20,7:20,Away,HOU,12,11,Thu,L 17-20,,17,20,-3,37,3.5,covered,46.0,under,16,25,64.0,121,0,0,1,8,75.6,39,175,4.49,2,296,65,4.5538,55,7.2000,,33:17,2:58
5,106,LAC,2019,2019-11-18,8:15,7:15,Home,KAN,11,11,Mon,L 17-24,,17,24,-7,41,5.5,not covered,52.5,under,28,52,53.8,345,1,4,2,8,49.0,19,93,4.89,0,438,73,6.0000,60,5.1667,4,31:02,3:22
6,107,ATL,2019,2019-11-17,1:00,1:00,Away,CAR,11,10,Sun,W 29-3,,29,3,26,32,3.5,covered,49.0,under,22,32,68.8,295,1,0,3,19,108.2,26,54,2.08,1,349,61,5.7213,70,4.9571,,31:26,3:04
7,108,CHI,2019,2019-11-17,8:20,5:20,Away,LAR,11,10,Sun,L 7-17,,7,17,-10,24,5.0,not covered,40.0,under,25,47,53.2,193,1,1,3,6,61.7,24,74,3.08,0,267,74,3.6081,52,5.4423,1,32:44,2:52
8,109,CIN,2019,2019-11-17,4:25,1:25,Away,OAK,11,10,Sun,L 10-17,,10,17,-7,27,13.0,covered,48.0,under,13,31,41.9,73,0,1,5,42,36.1,22,173,7.86,1,246,58,4.2414,66,5.8485,2,24:38,3:04
9,110,ARI,2019,2019-11-17,4:05,1:05,Away,SFO,11,11,Sun,L 26-36,,26,36,-10,62,10.0,push,44.0,over,24,33,72.7,131,2,0,4,19,99.4,25,135,5.40,1,266,62,4.2903,66,6.6970,2,31:23,3:20
10,111,DEN,2019,2019-11-17,1:00,3:00,Away,MIN,11,10,Sun,L 23-27,,23,27,-4,50,10.0,covered,40.5,over,18,40,45.0,270,1,1,2,8,65.6,33,124,3.76,1,394,75,5.2533,58,5.5345,1,36:43,3:15
11,112,DET,2019,2019-11-17,1:00,1:00,Home,DAL,11,10,Sun,L 27-35,,27,35,-8,62,7.5,not covered,46.5,over,15,26,57.7,191,2,0,3,18,106.4,28,121,4.32,2,312,57,5.4737,71,7.1690,,29:06,3:14
12,113,HOU,2019,2019-11-17,1:00,1:00,Away,BAL,11,10,Sun,L 7-41,,7,41,-34,48,4.0,not covered,51.0,under,18,30,60.0,110,0,1,7,59,53.5,20,122,6.10,1,232,57,4.0702,64,7.6719,2,23:41,2:56
13,114,JAX,2019,2019-11-17,1:00,1:00,Away,IND,11,10,Sun,L 13-33,,13,33,-20,46,2.5,not covered,41.5,over,33,47,70.2,279,2,1,2,17,90.6,9,29,3.22,0,308,58,5.3103,63,6.1746,1,26:08,3:00
14,115,MIA,2019,2019-11-17,1:00,1:00,Home,BUF,11,10,Sun,L 20-37,,20,37,-17,57,7.0,not covered,41.5,over,32,45,71.1,280,0,0,7,43,87.3,13,23,1.77,2,303,65,4.6615,67,6.3284,1,29:51,3:20
15,116,NYJ,2019,2019-11-17,1:00,1:00,Away,WAS,11,10,Sun,W 34-17,,34,17,17,51,1.0,covered,37.5,over,19,31,61.3,285,4,1,2,8,117.6,33,115,3.48,1,400,66,6.0606,61,3.6885,2,32:19,3:16
16,117,PHI,2019,2019-11-17,4:25,4:25,Home,NWE,11,10,Sun,L 10-17,,10,17,-7,27,4.5,not covered,45.0,under,20,40,50.0,174,1,0,5,40,70.2,21,81,3.86,0,255,66,3.8636,71,4.1972,1,31:35,3:18
17,118,TAM,2019,2019-11-17,1:00,1:00,Home,NOR,11,10,Sun,L 17-34,,17,34,-17,51,5.0,not covered,50.5,over,30,51,58.8,298,2,4,2,15,55.8,8,36,4.50,0,334,61,5.4754,64,5.1250,4,23:00,3:02
18,119,PIT,2019,2019-11-14,8:20,8:20,Away,CLE,11,10,Thu,L 7-21,,7,21,-14,28,3.0,not covered,41.5,under,23,44,52.3,178,1,4,4,43,32.2,16,58,3.63,0,236,64,3.6875,68,4.3088,4,26:02,3:26
19,120,SEA,2019,2019-11-11,8:15,5:15,Away,SFO,10,10,Mon,W 27-24,OT,27,24,3,51,6.5,covered,47.0,over,24,34,70.6,189,1,1,5,43,81.6,34,147,4.32,1,336,73,4.6027,78,3.8718,4,35:19,3:49
21,121,ATL,2019,2019-11-10,1:00,12:00,Away,NOR,10,9,Sun,W 26-9,,26,9,17,35,14.0,covered,51.5,under,20,35,57.1,174,2,1,1,8,77.6,34,143,4.21,0,317,70,4.5286,63,4.9206,1,33:46,3:10
22,122,BUF,2019,2019-11-10,1:00,1:00,Away,CLE,10,9,Sun,L 16-19,,16,19,-3,35,3.0,push,42.0,under,22,41,53.7,260,0,0,1,6,73.2,20,84,4.20,2,344,62,5.5484,66,5.5758,,28:14,3:14
23,123,CAR,2019,2019-11-10,4:25,3:25,Away,GNB,10,9,Sun,L 16-24,,16,24,-8,40,5.0,not covered,49.0,under,28,43,65.1,281,1,1,3,26,81.6,23,120,5.22,1,401,69,5.8116,58,6.6897,2,28:38,3:17
24,124,CIN,2019,2019-11-10,1:00,1:00,Home,BAL,10,9,Sun,L 13-49,,13,49,-36,62,10.5,not covered,44.0,over,16,30,53.3,150,1,1,2,17,64.6,40,157,3.93,0,307,72,4.2639,46,8.2391,3,36:11,2:50
25,125,ARI,2019,2019-11-10,1:00,1:00,Away,TAM,10,10,Sun,L 27-30,,27,30,-3,57,5.5,covered,51.0,over,28,45,62.2,342,3,1,2,8,98.6,18,75,4.17,0,417,65,6.4154,78,5.8590,2,23:57,3:23
26,126,DET,2019,2019-11-10,1:00,12:00,Away,CHI,10,9,Sun,L 13-20,,13,20,-7,33,6.0,not covered,38.0,under,27,46,58.7,259,1,1,2,10,72.6,27,98,3.63,0,357,75,4.7600,52,4.3462,1,31:54,3:07
27,127,MIA,2019,2019-11-10,4:05,4:05,Away,IND,10,9,Sun,W 16-12,,16,12,4,28,11.0,covered,44.5,under,21,33,63.6,159,0,1,3,10,62.6,26,70,2.69,1,229,62,3.6935,69,4.3478,2,31:28,3:02
28,128,MIN,2019,2019-11-10,8:20,7:20,Away,DAL,10,10,Sun,W 28-24,,28,24,4,52,3.5,covered,48.5,over,23,32,71.9,211,2,0,1,9,110.3,36,153,4.25,1,364,69,5.2754,70,6.3286,,33:27,3:02
29,129,NYJ,2019,2019-11-10,1:00,1:00,Home,NYG,10,9,Sun,W 34-27,,34,27,7,61,3.0,covered,43.0,over,19,30,63.3,218,1,0,2,12,96.2,29,76,2.62,2,294,61,4.8197,63,4.4603,,30:44,3:11
30,130,TEN,2019,2019-11-10,1:00,12:00,Home,KAN,10,10,Sun,W 35-32,,35,32,3,67,5.0,covered,49.0,over,13,19,68.4,146,2,0,4,35,126.2,26,225,8.65,2,371,49,7.5714,78,6.7949,1,22:08,3:12
31,131,PIT,2019,2019-11-10,4:25,4:25,Home,LAR,10,9,Sun,W 17-12,,17,12,5,29,4.0,covered,43.0,under,22,38,57.9,231,1,0,3,11,84.4,27,42,1.56,0,273,68,4.0147,69,4.4348,2,31:40,3:32
32,132,OAK,2019,2019-11-07,8:20,5:20,Home,LAC,10,9,Thu,W 26-24,,26,24,2,50,1.0,covered,49.0,over,21,31,67.7,200,1,0,3,18,96.2,21,78,3.71,1,278,55,5.0545,66,4.7727,,25:50,3:13
33,133,NYG,2019,2019-11-04,8:15,8:15,Home,DAL,9,9,Mon,L 18-37,,18,37,-19,55,6.5,not covered,48.5,over,26,41,63.4,171,1,1,5,39,70.3,22,100,4.55,0,271,68,3.9853,65,6.6000,3,31:56,3:14
34,134,CHI,2019,2019-11-03,1:00,1:00,Away,PHI,9,8,Sun,L 14-22,,14,22,-8,36,5.0,not covered,41.0,under,10,21,47.6,102,0,0,3,23,62.0,18,62,3.44,2,164,42,3.9048,78,4.7821,1,19:42,3:02
35,135,IND,2019,2019-11-03,1:00,1:00,Away,PIT,9,8,Sun,L 24-26,,24,26,-2,50,1.0,not covered,39.5,over,21,31,67.7,189,3,1,5,38,102.8,29,139,4.79,0,328,65,5.0462,61,4.4754,3,30:32,3:03
36,136,DEN,2019,2019-11-03,4:25,2:25,Home,CLE,9,9,Sun,W 24-19,,24,19,5,43,4.0,covered,39.0,over,12,20,60.0,175,2,0,3,18,121.9,20,127,6.35,1,302,43,7.0233,73,4.8082,1,24:30,3:08
37,137,DET,2019,2019-11-03,4:05,1:05,Away,OAK,9,8,Sun,L 24-31,,24,31,-7,55,2.5,not covered,51.5,over,26,41,63.4,383,3,1,2,23,108.1,19,90,4.74,0,473,62,7.6290,68,6.6176,2,27:10,3:03
38,138,HOU,2019,2019-11-03,9:30,2:30,Away,JAX,9,9,Sun,W 26-3,,26,3,23,29,1.0,covered,46.0,under,22,28,78.6,194,2,0,1,7,119.3,34,216,6.35,1,410,63,6.5079,66,5.3939,1,32:33,2:57
39,139,KAN,2019,2019-11-03,1:00,12:00,Home,MIN,9,9,Sun,W 26-23,,26,23,3,49,5.5,covered,46.0,over,25,35,71.4,230,1,0,5,45,98.5,18,147,8.17,1,377,58,6.5000,66,4.6667,1,31:48,3:07
40,140,MIA,2019,2019-11-03,1:00,1:00,Home,NYJ,9,8,Sun,W 26-18,,26,18,8,44,3.5,covered,42.5,over,24,36,66.7,266,3,0,4,22,116.2,24,50,2.08,0,316,64,4.9375,63,5.0952,,31:14,3:19
42,141,TEN,2019,2019-11-03,1:00,1:00,Away,CAR,9,9,Sun,L 20-30,,20,30,-10,50,3.5,not covered,43.0,over,27,39,69.2,310,1,2,4,21,80.1,21,121,5.76,2,431,64,6.7344,68,5.4412,3,26:43,3:17
43,142,BAL,2019,2019-11-03,8:20,8:20,Home,NWE,9,8,Sun,W 37-20,,37,20,17,57,3.0,covered,44.5,over,17,23,73.9,162,1,0,1,1,107.5,41,210,5.12,3,372,65,5.7231,65,5.2615,2,37:01,2:59
44,143,LAC,2019,2019-11-03,4:25,1:25,Home,GNB,9,9,Sun,W 26-11,,26,11,15,37,4.0,covered,50.0,under,21,28,75.0,283,0,0,2,11,106.7,38,159,4.18,2,442,68,6.5000,49,3.7551,,35:51,2:53
45,144,TAM,2019,2019-11-03,4:05,1:05,Away,SEA,9,8,Sun,L 34-40,OT,34,40,-6,74,4.0,not covered,51.0,over,29,44,65.9,319,2,0,2,16,102.4,26,99,3.81,2,418,72,5.8056,68,7.2353,1,35:25,3:29
46,145,WAS,2019,2019-11-03,1:00,1:00,Away,BUF,9,9,Sun,L 9-24,,9,24,-15,33,10.5,not covered,37.0,under,15,22,68.2,116,0,0,4,28,80.9,23,127,5.52,0,243,49,4.9592,61,4.3934,,28:13,2:40
47,146,ARI,2019,2019-10-31,8:20,6:20,Home,SFO,9,9,Thu,L 25-28,,25,28,-3,53,10.5,covered,43.5,over,17,24,70.8,204,2,0,3,37,124.3,23,153,6.65,1,357,50,7.1400,69,5.9565,,25:29,3:10
48,147,MIA,2019,2019-10-28,8:15,8:15,Away,PIT,8,7,Mon,L 14-27,,14,27,-13,41,14.0,covered,44.0,under,21,34,61.8,170,2,2,4,20,69.5,19,60,3.16,0,230,57,4.0351,67,5.8806,4,24:42,3:15
49,148,ATL,2019,2019-10-27,1:00,1:00,Home,SEA,8,8,Sun,L 20-27,,20,27,-7,47,7.5,covered,48.5,under,39,52,75.0,441,1,1,2,19,98.3,17,69,4.06,1,510,71,7.1831,55,5.8545,3,30:47,3:00
50,149,CAR,2019,2019-10-27,4:05,1:05,Away,SFO,8,7,Sun,L 13-51,,13,51,-38,64,4.5,not covered,41.0,over,19,37,51.4,100,0,3,7,58,23.6,19,130,6.84,1,230,63,3.6508,63,6.1587,3,26:59,3:04
51,150,CIN,2019,2019-10-27,1:00,6:00,Away,LAR,8,8,Sun,L 10-24,,10,24,-14,34,12.0,not covered,48.5,under,32,52,61.5,297,1,0,5,32,83.6,22,104,4.73,0,401,79,5.0759,57,8.2456,,32:43,3:05
52,151,CLE,2019,2019-10-27,4:25,4:25,Away,NWE,8,7,Sun,L 13-27,,13,27,-14,40,9.5,not covered,43.0,under,20,31,64.5,151,1,1,5,43,73.5,22,159,7.23,0,310,58,5.3448,66,4.8182,3,27:45,3:11
53,152,ARI,2019,2019-10-27,1:00,12:00,Away,NOR,8,8,Sun,L 9-31,,9,31,-22,40,12.5,not covered,47.5,under,19,34,55.9,197,0,0,4,23,72.8,11,40,3.64,0,237,49,4.8367,72,7.0833,,22:01,2:55
54,153,DEN,2019,2019-10-27,1:00,1:00,Away,IND,8,8,Sun,L 13-15,,13,15,-2,28,6.0,covered,41.0,under,20,32,62.5,166,0,0,3,8,75.8,28,113,4.04,1,279,63,4.4286,60,5.3000,,30:44,3:14
55,154,KAN,2019,2019-10-27,8:20,7:20,Home,GNB,8,8,Sun,L 24-31,,24,31,-7,55,5.0,not covered,48.0,over,24,36,66.7,249,2,0,2,18,105.0,20,88,4.40,1,337,58,5.8103,64,5.8438,1,26:47,3:07
56,155,NYG,2019,2019-10-27,1:00,1:00,Away,DET,8,8,Sun,L 26-31,,26,31,-5,57,6.5,covered,49.0,over,28,41,68.3,290,4,0,3,32,121.0,24,80,3.33,0,370,68,5.4412,61,6.1475,1,30:47,3:02
57,156,NYJ,2019,2019-10-27,1:00,1:00,Away,JAX,8,7,Sun,L 15-29,,15,29,-14,44,7.0,not covered,39.5,over,21,30,70.0,167,2,3,8,51,66.2,14,46,3.29,0,213,52,4.0962,70,5.5571,3,26:39,3:15
58,157,PHI,2019,2019-10-27,1:00,1:00,Away,BUF,8,8,Sun,W 31-13,,31,13,18,44,1.0,covered,39.5,over,17,24,70.8,153,1,0,3,19,101.6,41,218,5.32,3,371,68,5.4559,58,4.3621,1,35:57,3:01
59,158,OAK,2019,2019-10-27,4:25,3:25,Away,HOU,8,7,Sun,L 24-27,,24,27,-3,51,5.0,covered,52.0,under,18,30,60.0,285,3,0,0,0,125.0,23,93,4.04,0,378,53,7.1321,74,5.2432,,24:07,3:08
60,159,LAC,2019,2019-10-27,1:00,12:00,Away,CHI,8,8,Sun,W 17-16,,17,16,1,33,3.5,covered,41.0,under,19,29,65.5,195,1,1,1,6,81.8,12,36,3.00,1,231,42,5.5000,77,5.0390,1,22:00,2:56
61,160,TAM,2019,2019-10-27,1:00,12:00,Away,TEN,8,7,Sun,L 23-27,,23,27,-4,50,2.0,not covered,45.5,over,21,43,48.8,283,2,2,3,18,66.3,30,106,3.53,0,389,76,5.1184,57,4.3158,4,31:34,3:22
63,161,WAS,2019,2019-10-24,8:20,10:20,Away,MIN,8,8,Thu,L 9-19,,9,19,-10,28,16.5,covered,42.0,under,15,21,71.4,131,0,1,4,32,67.8,16,85,5.31,0,216,41,5.2683,67,6.4776,2,23:24,2:39
64,162,NYJ,2019,2019-10-21,8:15,8:15,Home,NWE,7,6,Mon,L 0-33,,0,33,-33,33,9.5,not covered,43.0,under,11,32,34.4,73,0,4,1,13,3.6,20,81,4.05,0,154,53,2.9057,79,4.0886,6,21:33,3:10
65,163,ATL,2019,2019-10-20,1:00,1:00,Home,LAR,7,7,Sun,L 10-37,,10,37,-27,47,3.0,not covered,54.5,under,22,33,66.7,186,1,1,5,38,78.6,15,38,2.53,0,224,53,4.2264,74,5.1486,3,22:51,3:03
66,164,CIN,2019,2019-10-20,1:00,1:00,Home,JAX,7,7,Sun,L 17-27,,17,27,-10,44,4.0,not covered,44.5,under,22,43,51.2,258,1,3,2,18,48.4,20,33,1.65,1,291,65,4.4769,78,5.8974,4,21:43,3:17
67,165,ARI,2019,2019-10-20,1:00,1:00,Away,NYG,7,7,Sun,W 27-21,,27,21,6,48,3.5,covered,49.5,under,14,21,66.7,89,0,0,2,15,75.3,38,156,4.11,3,245,61,4.0164,65,4.0462,,29:59,3:03
68,166,DET,2019,2019-10-20,1:00,1:00,Home,MIN,7,6,Sun,L 30-42,,30,42,-12,72,2.5,not covered,43.5,over,30,45,66.7,352,4,1,2,12,110.6,20,81,4.05,0,433,67,6.4627,71,7.0986,1,27:50,3:11
69,167,HOU,2019,2019-10-20,1:00,1:00,Away,IND,7,7,Sun,L 23-30,,23,30,-7,53,1.5,not covered,46.5,over,23,34,67.6,291,1,2,3,17,79.4,24,100,4.17,1,391,61,6.4098,67,5.7164,2,27:08,3:10
70,168,MIA,2019,2019-10-20,1:00,1:00,Away,BUF,7,6,Sun,L 21-31,,21,31,-10,52,17.0,covered,42.5,over,23,35,65.7,272,1,1,1,10,86.8,30,109,3.63,2,381,66,5.7727,51,5.9804,2,33:31,3:00
71,169,NOR,2019,2019-10-20,4:25,3:25,Away,CHI,7,7,Sun,W 36-25,,36,25,11,61,4.0,covered,37.0,over,23,38,60.5,273,2,0,1,8,100.0,35,151,4.31,2,424,74,5.7297,63,4.0000,,37:26,3:28
72,170,PHI,2019,2019-10-20,8:20,7:20,Away,DAL,7,7,Sun,L 10-37,,10,37,-27,47,3.0,not covered,50.0,under,16,26,61.5,168,1,1,3,23,77.1,28,115,4.11,0,283,57,4.9649,66,6.0909,4,27:38,3:01
73,171,OAK,2019,2019-10-20,1:00,12:00,Away,GNB,7,6,Sun,L 24-42,,24,42,-18,66,5.5,not covered,48.0,over,24,31,77.4,329,3,1,0,0,129.6,31,155,5.00,0,484,62,7.8065,55,8.7455,2,29:36,2:59
74,172,BAL,2019,2019-10-20,4:25,1:25,Away,SEA,7,7,Sun,W 30-16,,30,16,14,46,3.0,covered,49.0,under,9,20,45.0,141,0,0,1,2,69.0,35,199,5.69,1,340,56,6.0714,68,5.1029,,29:54,3:05
75,173,LAC,2019,2019-10-20,4:05,3:05,Away,TEN,7,7,Sun,L 20-23,,20,23,-3,43,3.0,push,42.5,over,24,38,63.2,326,2,0,1,3,108.0,21,39,1.86,0,365,60,6.0833,61,6.6066,1,27:45,3:10
76,174,WAS,2019,2019-10-20,1:00,1:00,Home,SFO,7,7,Sun,L 0-9,,0,9,-9,9,10.0,covered,39.0,under,9,12,75.0,50,0,0,3,27,81.9,26,104,4.00,0,154,41,3.7561,62,4.5645,1,26:36,2:36
77,175,DEN,2019,2019-10-17,8:20,6:20,Home,KAN,7,7,Thu,L 6-30,,6,30,-24,36,3.0,not covered,49.5,under,21,34,61.8,134,0,0,9,79,70.0,21,71,3.38,1,205,64,3.2031,58,4.6724,1,27:47,2:53
78,176,DET,2019,2019-10-14,8:15,7:15,Away,GNB,6,5,Mon,L 22-23,,22,23,-1,45,3.5,covered,47.0,under,18,32,56.3,243,0,0,3,22,80.6,20,56,2.80,1,299,55,5.4364,69,6.4783,,26:56,3:06
79,177,CIN,2019,2019-10-13,1:00,1:00,Away,BAL,6,6,Sun,L 17-23,,17,23,-6,40,10.5,covered,47.0,under,21,39,53.8,217,0,1,2,18,59.5,14,33,2.36,1,250,55,4.5455,77,6.4545,1,20:18,3:12
80,178,ARI,2019,2019-10-13,4:05,2:05,Home,ATL,6,6,Sun,W 34-33,,34,33,1,67,3.0,covered,52.5,over,27,37,73.0,340,3,0,0,0,128.2,29,102,3.52,1,442,66,6.6970,63,7.0476,,27:13,3:07
81,179,HOU,2019,2019-10-13,1:00,12:00,Away,KAN,6,6,Sun,W 31-24,,31,24,7,55,3.5,covered,54.5,over,30,42,71.4,280,1,2,0,0,77.5,41,192,4.68,3,472,83,5.6867,47,6.5745,3,39:48,3:07
82,180,MIA,2019,2019-10-13,1:00,1:00,Home,WAS,6,5,Sun,L 16-17,,16,17,-1,33,6.0,covered,42.0,under,27,43,62.8,187,1,2,5,30,60.9,21,84,4.00,1,271,69,3.9275,58,5.3621,2,32:39,3:09
84,181,NOR,2019,2019-10-13,1:00,1:00,Away,JAX,6,6,Sun,W 13-6,,13,6,7,19,2.5,covered,42.5,under,24,36,66.7,222,1,0,3,18,92.6,26,104,4.00,0,326,65,5.0154,55,4.1091,,33:09,2:52
85,182,NYJ,2019,2019-10-13,4:25,4:25,Home,DAL,6,5,Sun,W 24-22,,24,22,2,46,7.0,covered,43.5,over,23,32,71.9,326,2,1,2,12,112.2,20,56,2.80,1,382,54,7.0741,75,5.3200,1,27:57,2:59
86,183,TEN,2019,2019-10-13,4:25,2:25,Away,DEN,6,6,Sun,L 0-16,,0,16,-16,16,1.0,not covered,41.0,under,20,34,58.8,165,0,3,7,42,34.6,21,39,1.86,0,204,62,3.2903,59,4.5763,3,30:14,2:55
87,184,PHI,2019,2019-10-13,1:00,3:00,Away,MIN,6,6,Sun,L 20-38,,20,38,-18,58,3.5,not covered,44.0,over,26,41,63.4,292,2,2,2,14,80.5,22,108,4.91,0,400,65,6.1538,65,6.8769,3,27:56,3:07
88,185,PIT,2019,2019-10-13,8:20,5:20,Away,LAC,6,6,Sun,W 24-17,,24,17,7,41,6.0,covered,42.5,under,15,20,75.0,132,1,1,0,0,87.9,36,124,3.44,1,256,56,4.5714,59,5.8983,1,34:05,2:55
89,186,SEA,2019,2019-10-13,1:00,1:00,Away,CLE,6,6,Sun,W 32-28,,32,28,4,60,1.0,covered,45.5,over,23,33,69.7,284,2,0,3,11,116.2,38,170,4.47,2,454,74,6.1351,61,6.6557,1,33:41,3:31
90,187,SFO,2019,2019-10-13,4:05,1:05,Away,LAR,6,5,Sun,W 20-7,,20,7,13,27,3.0,covered,49.5,under,24,33,72.7,232,0,1,2,11,79.4,41,99,2.41,2,331,76,4.3553,50,3.1400,2,38:52,3:11
91,188,TAM,2019,2019-10-13,9:30,2:30,Home,CAR,6,6,Sun,L 26-37,,26,37,-11,63,2.0,not covered,48.5,over,30,54,55.6,365,1,5,7,35,44.1,14,42,3.00,2,407,75,5.4267,63,4.2540,7,28:50,3:26
92,189,NYG,2019,2019-10-10,8:20,8:20,Away,NWE,6,6,Thu,L 14-35,,14,35,-21,49,16.5,not covered,43.0,over,15,31,48.4,161,1,3,1,0,35.2,16,52,3.25,0,213,48,4.4375,78,5.4744,4,20:24,3:02
93,190,CLE,2019,2019-10-07,8:15,5:15,Away,SFO,5,5,Mon,L 3-31,,3,31,-28,34,5.0,not covered,47.5,under,9,24,37.5,78,0,2,4,42,12.2,18,102,5.67,0,180,46,3.9130,71,6.2817,4,22:17,2:57
94,191,ATL,2019,2019-10-06,1:00,12:00,Away,HOU,5,5,Sun,L 32-53,,32,53,-21,85,4.0,not covered,49.0,over,32,46,69.6,316,3,1,2,14,101.4,20,57,2.85,1,373,68,5.4853,67,8.8358,1,29:00,3:13
95,192,BUF,2019,2019-10-06,1:00,12:00,Away,TEN,5,5,Sun,W 14-7,,14,7,7,21,3.5,covered,39.5,under,23,32,71.9,204,2,1,4,15,96.4,27,109,4.04,0,313,63,4.9683,54,4.6667,1,31:12,2:54
96,193,IND,2019,2019-10-06,8:20,7:20,Away,KAN,5,5,Sun,W 19-13,,19,13,6,32,10.5,covered,55.5,under,18,29,62.1,151,0,1,0,0,61.1,45,180,4.00,1,331,74,4.4730,57,5.6842,1,37:15,3:15
97,194,ARI,2019,2019-10-06,1:00,1:00,Away,CIN,5,5,Sun,W 26-23,,26,23,3,49,3.0,covered,45.0,over,20,32,62.5,248,0,0,1,5,86.5,38,266,7.00,2,514,71,7.2394,62,5.9677,,31:03,3:03
98,195,DEN,2019,2019-10-06,4:05,1:05,Away,LAC,5,5,Sun,W 20-13,,20,13,7,33,4.0,covered,46.0,under,14,20,70.0,159,1,1,3,23,89.4,32,191,5.97,1,350,55,6.3636,64,3.8438,2,29:36,3:03
99,196,GNB,2019,2019-10-06,4:25,3:25,Away,DAL,5,5,Sun,W 34-24,,34,24,10,58,3.5,covered,46.5,over,22,34,64.7,215,0,0,2,23,82.4,29,120,4.14,4,335,65,5.1538,68,8.2794,,36:43,3:31
100,197,JAX,2019,2019-10-06,1:00,1:00,Away,CAR,5,5,Sun,L 27-34,,27,34,-7,61,3.0,not covered,41.0,over,26,44,59.1,358,2,0,2,16,100.4,31,149,4.81,1,507,77,6.5844,61,7.2951,3,32:24,3:28
101,198,NYG,2019,2019-10-06,1:00,1:00,Home,MIN,5,5,Sun,L 10-28,,10,28,-18,38,5.5,not covered,44.0,under,21,38,55.3,147,1,1,4,35,62.1,20,64,3.20,0,211,62,3.4032,64,7.6563,1,27:20,3:03
102,199,NYJ,2019,2019-10-06,1:00,1:00,Away,PHI,5,4,Sun,L 6-31,,6,31,-25,37,14.0,not covered,43.0,under,15,26,57.7,61,0,2,10,59,30.6,19,67,3.53,1,128,55,2.3273,59,4.4915,3,29:08,3:01
103,200,PIT,2019,2019-10-06,1:00,1:00,Home,BAL,5,5,Sun,L 23-26,OT,23,26,-3,49,3.5,covered,44.0,over,21,31,67.7,192,1,1,1,11,81.7,19,77,4.05,1,269,51,5.2745,73,3.7945,2,25:34,3:23
0,201,OAK,2019,2019-10-06,1:00,6:00,Home,CHI,5,5,Sun,W 24-21,,24,21,3,45,6.5,covered,39.5,over,25,32,78.1,229,0,0,0,0,96.5,39,169,4.33,3,398,71,5.6056,51,4.6275,2,34:43,3:08
1,202,TAM,2019,2019-10-06,1:00,12:00,Away,NOR,5,5,Sun,L 24-31,,24,31,-7,55,3.0,not covered,46.0,over,15,27,55.6,158,2,0,6,46,97.5,22,94,4.27,1,252,55,4.5818,67,6.8209,,26:33,3:07
2,203,WAS,2019,2019-10-06,1:00,1:00,Home,NWE,5,5,Sun,L 7-33,,7,33,-26,40,15.5,not covered,42.0,under,18,27,66.7,78,0,1,6,44,54.7,20,145,7.25,1,223,53,4.2075,74,5.9730,2,28:07,3:08
3,204,LAR,2019,2019-10-03,8:20,5:20,Away,SEA,5,5,Thu,L 29-30,,29,30,-1,59,1.5,covered,49.0,over,29,49,59.2,395,1,1,0,0,83.3,18,82,4.56,2,477,67,7.1194,67,6.4030,2,24:42,3:27
4,205,CIN,2019,2019-09-30,8:15,8:15,Away,PIT,4,4,Mon,L 3-27,,3,27,-24,30,3.5,not covered,45.5,under,21,37,56.8,102,0,1,8,69,50.6,19,73,3.84,0,175,64,2.7344,56,5.8214,2,30:14,2:56
5,206,BUF,2019,2019-09-29,1:00,1:00,Home,NWE,4,4,Sun,L 10-16,,10,16,-6,26,7.0,covered,41.5,under,22,44,50.0,240,0,4,5,40,28.6,22,135,6.14,1,375,71,5.2817,62,3.6129,4,32:40,3:19
6,207,CAR,2019,2019-09-29,1:00,12:00,Away,HOU,4,4,Sun,W 16-10,,16,10,6,26,5.5,covered,47.5,under,24,34,70.6,203,0,0,3,29,85.8,28,94,3.36,1,297,65,4.5692,62,4.2581,3,30:38,3:06
7,208,CHI,2019,2019-09-29,4:25,3:25,Home,MIN,4,4,Sun,W 16-6,,16,6,10,22,1.0,covered,38.0,under,24,33,72.7,197,1,0,1,7,97.7,33,72,2.18,0,269,67,4.0149,58,3.8276,,35:27,2:59
8,209,CLE,2019,2019-09-29,1:00,1:00,Away,BAL,4,4,Sun,W 40-25,,40,25,15,65,7.5,covered,47.0,over,20,31,64.5,337,1,1,1,5,98.5,29,193,6.66,4,530,61,8.6885,67,5.8955,1,30:17,3:08
9,210,ARI,2019,2019-09-29,4:05,2:05,Home,SEA,4,4,Sun,L 10-27,,10,27,-17,37,5.5,not covered,49.0,under,22,32,68.8,206,0,1,4,35,73.2,23,115,5.00,1,321,59,5.4407,59,5.7627,1,26:36,2:56
10,211,DET,2019,2019-09-29,1:00,1:00,Home,KAN,4,4,Sun,L 30-34,,30,34,-4,64,7.5,covered,54.5,over,21,34,61.8,261,3,0,4,30,115.0,35,186,5.31,0,447,73,6.1233,67,6.5373,2,33:55,3:34
11,212,JAX,2019,2019-09-29,4:25,2:25,Away,DEN,4,4,Sun,W 26-24,,26,24,2,50,2.5,covered,37.0,over,19,33,57.6,186,2,0,5,27,93.7,38,269,7.08,0,455,76,5.9868,54,6.8704,,39:12,3:15
12,213,MIA,2019,2019-09-29,1:00,1:00,Home,LAC,4,4,Sun,L 10-30,,10,30,-20,40,15.0,not covered,43.5,under,17,24,70.8,161,1,1,5,19,85.6,18,72,4.00,0,233,47,4.9574,65,6.0000,1,22:24,2:52
13,214,NOR,2019,2019-09-29,8:20,7:20,Home,DAL,4,4,Sun,W 12-10,,12,10,2,22,2.5,covered,47.0,under,23,30,76.7,149,0,1,5,44,72.8,27,117,4.33,0,266,62,4.2903,54,4.7593,1,36:04,2:56
14,215,TEN,2019,2019-09-29,1:00,1:00,Away,ATL,4,4,Sun,W 24-10,,24,10,14,34,3.5,covered,46.0,under,18,27,66.7,227,3,0,0,0,129.7,34,138,4.06,0,365,61,5.9836,75,5.6267,,29:19,2:57
15,216,OAK,2019,2019-09-29,1:00,1:00,Away,IND,4,4,Sun,W 31-24,,31,24,7,55,5.5,covered,46.0,over,21,31,67.7,189,2,0,1,0,105.4,32,188,5.88,1,377,64,5.8906,69,5.0145,1,33:41,3:11
16,217,TAM,2019,2019-09-29,4:05,1:05,Away,LAR,4,4,Sun,W 55-40,,55,40,15,95,9.0,covered,48.5,over,28,41,68.3,376,4,1,2,9,119.6,30,88,2.93,2,464,73,6.3562,81,6.3951,1,32:36,3:39
17,218,WAS,2019,2019-09-29,1:00,1:00,Away,NYG,4,4,Sun,L 3-24,,3,24,-21,27,3.0,not covered,48.0,under,15,28,53.6,121,0,4,3,23,25.1,17,55,3.24,0,176,48,3.6667,68,5.7206,4,23:51,2:52
18,219,PHI,2019,2019-09-26,8:20,7:20,Away,GNB,4,4,Thu,W 34-27,,34,27,7,61,3.5,covered,46.0,over,16,27,59.3,160,3,0,0,0,113.2,33,176,5.33,2,336,60,5.6000,74,6.6351,,27:39,3:27
19,220,WAS,2019,2019-09-23,8:15,8:15,Home,CHI,3,3,Mon,L 15-31,,15,31,-16,46,5.0,not covered,41.0,over,30,43,69.8,287,2,3,4,45,74.5,21,69,3.29,0,356,68,5.2353,58,5.1379,5,28:24,3:05
21,221,ATL,2019,2019-09-22,1:00,1:00,Away,IND,3,3,Sun,L 24-27,,24,27,-3,51,1.0,not covered,48.0,over,29,34,85.3,304,3,1,0,0,121.1,20,93,4.65,0,397,54,7.3519,62,6.1129,1,28:37,2:59
22,222,CAR,2019,2019-09-22,4:05,2:05,Away,ARI,3,3,Sun,W 38-20,,38,20,18,58,2.5,covered,46.0,over,19,26,73.1,240,4,0,2,21,141.0,31,173,5.58,1,413,59,7.0000,73,3.3973,1,28:16,2:56
23,223,CIN,2019,2019-09-22,1:00,1:00,Away,BUF,3,3,Sun,L 17-21,,17,21,-4,38,5.5,covered,43.5,under,20,36,55.6,240,1,2,2,10,62.3,19,66,3.47,1,306,57,5.3684,73,5.6986,4,23:06,3:15
24,224,CLE,2019,2019-09-22,8:20,8:20,Home,LAR,3,3,Sun,L 13-20,,13,20,-7,33,4.0,not covered,48.0,under,18,36,50.0,175,1,1,3,20,61.7,24,95,3.96,0,270,63,4.2857,64,5.3750,1,31:37,3:04
25,225,DEN,2019,2019-09-22,1:00,12:00,Away,GNB,3,3,Sun,L 16-27,,16,27,-11,43,7.0,not covered,42.0,over,20,29,69.0,161,0,1,6,52,68.3,38,149,3.92,2,310,73,4.2466,52,6.0000,3,35:34,2:58
26,226,DET,2019,2019-09-22,1:00,1:00,Away,PHI,3,3,Sun,W 27-24,,27,24,3,51,4.0,covered,45.0,over,18,32,56.3,201,1,0,0,0,85.5,28,86,3.07,1,287,60,4.7833,69,5.4058,,27:42,3:09
27,227,HOU,2019,2019-09-22,4:25,1:25,Away,LAC,3,3,Sun,W 27-20,,27,20,7,47,3.0,covered,49.0,under,25,34,73.5,337,3,0,2,14,134.1,19,39,2.05,1,376,55,6.8364,69,5.3043,1,28:12,3:17
28,228,MIA,2019,2019-09-22,1:00,12:00,Away,DAL,3,3,Sun,L 6-31,,6,31,-25,37,22.0,not covered,46.5,under,20,41,48.8,211,0,0,3,18,64.2,24,72,3.00,0,283,68,4.1618,67,7.1045,1,29:04,3:08
29,229,NOR,2019,2019-09-22,4:25,1:25,Away,SEA,3,3,Sun,W 33-27,,33,27,6,60,5.0,covered,44.0,over,19,27,70.4,177,2,0,0,0,112.7,23,88,3.83,1,265,50,5.3000,76,6.7632,1,28:27,3:09
30,230,NYG,2019,2019-09-22,4:05,4:05,Away,TAM,3,3,Sun,W 32-31,,32,31,1,63,5.0,covered,48.0,over,23,36,63.9,312,2,0,5,24,110.0,19,72,3.79,2,384,60,6.4000,73,6.8356,2,26:48,3:20
31,231,NYJ,2019,2019-09-22,1:00,1:00,Away,NWE,3,3,Sun,L 14-30,,14,30,-16,44,20.5,covered,43.0,over,12,22,54.5,69,0,1,5,29,41.7,20,36,1.80,0,105,47,2.2340,73,5.2192,1,24:46,2:58
32,232,PIT,2019,2019-09-22,4:25,1:25,Away,SFO,3,3,Sun,L 20-24,,20,24,-4,44,6.0,covered,44.5,under,14,27,51.9,160,2,1,2,14,79.2,22,79,3.59,0,239,51,4.6863,73,5.9726,2,23:43,2:57
33,233,OAK,2019,2019-09-22,1:00,3:00,Away,MIN,3,3,Sun,L 14-34,,14,34,-20,48,8.5,not covered,43.0,over,27,34,79.4,214,2,1,4,28,100.2,20,88,4.40,0,302,58,5.2069,59,6.5254,1,28:28,2:49
34,234,BAL,2019,2019-09-22,1:00,12:00,Away,KAN,3,3,Sun,L 28-33,,28,33,-5,61,4.5,not covered,52.0,over,22,43,51.2,249,0,0,3,18,68.8,32,203,6.34,4,452,78,5.7949,63,7.9841,,32:44,3:12
35,235,JAX,2019,2019-09-19,8:20,8:20,Home,TEN,3,3,Thu,W 20-7,,20,7,13,27,1.5,covered,38.0,under,20,30,66.7,204,2,0,0,0,108.2,20,88,4.40,0,292,50,5.8400,75,4.5333,,24:44,3:01
36,236,NYJ,2019,2019-09-16,8:15,8:15,Home,CLE,2,2,Mon,L 3-23,,3,23,-20,26,6.5,not covered,45.5,under,23,31,74.2,169,0,0,4,32,86.6,24,93,3.88,0,262,59,4.4407,59,6.3559,1,30:19,3:02
37,237,ATL,2019,2019-09-15,8:20,8:20,Home,PHI,2,2,Sun,W 24-20,,24,20,4,44,1.0,covered,53.0,under,27,43,62.8,310,3,3,1,10,78.6,17,57,3.35,0,367,61,6.0164,72,3.9722,3,27:06,3:16
38,238,IND,2019,2019-09-15,1:00,12:00,Away,TEN,2,2,Sun,W 19-17,,19,17,2,36,3.0,covered,43.5,under,17,28,60.7,121,3,1,3,25,91.5,34,167,4.91,0,288,65,4.4308,56,4.3393,2,31:54,3:01
39,239,ARI,2019,2019-09-15,1:00,1:00,Away,BAL,2,2,Sun,L 17-23,,17,23,-6,40,13.0,covered,46.0,under,25,40,62.5,329,0,0,3,20,88.4,11,20,1.82,1,349,54,6.4630,72,6.1111,,22:22,3:09
40,240,DEN,2019,2019-09-15,4:25,2:25,Home,CHI,2,2,Sun,L 14-16,,14,16,-2,30,3.0,covered,41.0,under,35,50,70.0,282,1,1,2,10,82.2,24,90,3.75,0,372,76,4.8947,56,4.8750,1,32:59,3:06
42,241,DET,2019,2019-09-15,1:00,1:00,Home,LAC,2,2,Sun,W 13-10,,13,10,3,23,1.0,covered,47.0,under,22,30,73.3,245,2,2,0,0,91.7,28,94,3.36,0,339,58,5.8448,62,6.8387,2,28:41,2:55
43,242,JAX,2019,2019-09-15,1:00,12:00,Away,HOU,2,2,Sun,L 12-13,,12,13,-1,25,7.5,covered,43.0,under,23,33,69.7,178,1,0,4,35,92.7,21,103,4.90,0,281,58,4.8448,63,4.1746,1,30:01,3:04
44,243,MIA,2019,2019-09-15,1:00,1:00,Home,NWE,2,2,Sun,L 0-43,,0,43,-43,43,18.0,not covered,48.5,under,18,39,46.2,142,0,4,7,44,16.1,15,42,2.80,0,184,61,3.0164,65,5.8308,4,23:30,3:09
45,244,MIN,2019,2019-09-15,1:00,12:00,Away,GNB,2,2,Sun,L 16-21,,16,21,-5,37,3.0,not covered,43.0,under,14,32,43.8,223,1,2,1,7,52.0,27,198,7.33,1,421,60,7.0167,69,4.8551,4,25:54,3:18
46,245,NOR,2019,2019-09-15,4:25,1:25,Away,LAR,2,2,Sun,L 9-27,,9,27,-18,36,2.0,not covered,52.5,under,20,35,57.1,187,0,1,2,16,60.1,20,57,2.85,0,244,57,4.2807,61,6.2295,1,29:39,3:09
47,246,NYG,2019,2019-09-15,1:00,1:00,Home,BUF,2,2,Sun,L 14-28,,14,28,-14,42,1.0,not covered,44.5,under,26,45,57.8,241,1,2,1,9,61.4,20,129,6.45,1,370,66,5.6061,67,5.7910,2,27:22,3:11
48,247,OAK,2019,2019-09-15,4:05,1:05,Home,KAN,2,2,Sun,L 10-28,,10,28,-18,38,7.0,not covered,53.5,under,23,38,60.5,178,1,2,3,20,58.9,19,129,6.79,0,307,60,5.1167,68,6.8676,2,27:25,3:12
49,248,SEA,2019,2019-09-15,1:00,1:00,Away,PIT,2,2,Sun,W 28-26,,28,26,2,54,4.0,covered,47.0,over,29,35,82.9,274,3,0,4,26,127.9,33,151,4.58,1,425,72,5.9028,51,5.1176,2,35:46,3:14
50,249,SFO,2019,2019-09-15,1:00,1:00,Away,CIN,2,2,Sun,W 41-17,,41,17,24,58,1.0,covered,46.0,over,18,26,69.2,312,3,1,0,0,132.2,42,259,6.17,2,571,68,8.3971,65,4.8615,1,32:19,2:59
51,250,WAS,2019,2019-09-15,1:00,1:00,Home,DAL,2,2,Sun,L 21-31,,21,31,-10,52,6.0,not covered,46.5,over,26,37,70.3,208,2,0,1,13,102.1,17,47,2.76,1,255,55,4.6364,65,7.2923,,26:38,2:54
52,251,TAM,2019,2019-09-12,8:20,8:20,Away,CAR,2,2,Thu,W 20-14,,20,14,6,34,6.5,covered,48.0,under,16,25,64.0,189,1,0,3,19,100.2,31,100,3.23,1,289,59,4.8983,73,4.8219,,33:53,3:51
53,252,HOU,2019,2019-09-09,7:10,6:10,Away,NOR,1,1,Mon,L 28-30,,28,30,-2,58,6.5,covered,52.0,over,20,30,66.7,234,3,1,6,34,109.6,23,180,7.83,1,414,59,7.0169,65,7.8462,1,29:47,3:14
54,253,OAK,2019,2019-09-09,10:20,7:20,Home,DEN,1,1,Mon,W 24-16,,24,16,8,40,3.0,covered,42.5,under,22,26,84.6,259,1,0,0,0,121.0,28,98,3.50,2,357,54,6.6111,57,6.0351,,32:45,2:49
55,254,ATL,2019,2019-09-08,1:00,3:00,Away,MIN,1,1,Sun,L 12-28,,12,28,-16,40,3.5,not covered,47.0,under,33,46,71.7,272,2,2,4,32,82.9,17,73,4.29,0,345,67,5.1493,49,5.4898,3,30:13,3:07
56,255,BUF,2019,2019-09-08,1:00,1:00,Away,NYJ,1,1,Sun,W 17-16,,17,16,1,33,2.5,covered,41.0,under,24,37,64.9,242,1,2,1,12,69.9,25,128,5.12,1,370,63,5.8730,66,3.3788,4,27:59,3:09
57,256,CAR,2019,2019-09-08,1:00,1:00,Home,LAR,1,1,Sun,L 27-30,,27,30,-3,57,1.5,not covered,49.5,over,25,38,65.8,216,0,1,3,23,69.6,23,127,5.52,3,343,64,5.3594,72,4.8472,3,26:44,3:12
58,257,CIN,2019,2019-09-08,4:05,1:05,Away,SEA,1,1,Sun,L 20-21,,20,21,-1,41,9.5,covered,44.0,under,35,51,68.6,395,2,0,5,23,104.6,14,34,2.43,0,429,70,6.1286,49,4.7347,3,35:50,3:12
59,258,IND,2019,2019-09-08,4:05,1:05,Away,LAC,1,1,Sun,L 24-30,OT,24,30,-6,54,6.0,push,44.5,over,21,27,77.8,173,2,0,2,17,118.1,33,203,6.15,1,376,62,6.0645,59,7.3729,,32:09,3:04
60,259,ARI,2019,2019-09-08,4:25,2:25,Home,DET,1,1,Sun,T 27-27,OT,27,27,0,54,2.5,covered,45.5,over,29,54,53.7,275,2,1,5,33,72.7,23,112,4.87,0,387,82,4.7195,80,5.9625,1,30:37,3:58
61,260,JAX,2019,2019-09-08,1:00,1:00,Home,KAN,1,1,Sun,L 26-40,,26,40,-14,66,3.5,not covered,49.0,over,27,33,81.8,347,3,1,1,3,128.2,16,81,5.06,0,428,50,8.5600,60,8.1833,2,28:45,3:04
63,261,MIA,2019,2019-09-08,1:00,1:00,Home,BAL,1,1,Sun,L 10-59,,10,59,-49,69,7.0,not covered,41.0,over,15,32,46.9,179,1,2,3,11,48.8,12,21,1.75,0,200,47,4.2553,73,8.8082,3,19:53,2:58
64,262,NYG,2019,2019-09-08,4:25,3:25,Away,DAL,1,1,Sun,L 17-35,,17,35,-18,52,7.0,not covered,44.0,over,33,48,68.8,319,1,0,1,4,94.0,17,151,8.88,1,470,66,7.1212,62,7.9677,2,27:42,3:03
65,263,TEN,2019,2019-09-08,1:00,1:00,Away,CLE,1,1,Sun,W 43-13,,43,13,30,56,5.5,covered,44.0,over,14,24,58.3,216,3,0,4,32,127.8,28,123,4.39,1,339,56,6.0536,63,5.4921,,29:18,3:12
66,264,PIT,2019,2019-09-08,8:20,8:20,Away,NWE,1,1,Sun,L 3-33,,3,33,-30,36,5.5,not covered,49.0,under,27,47,57.4,276,0,1,1,0,65.6,13,32,2.46,0,308,61,5.0492,67,6.9403,1,27:27,3:00
67,265,SFO,2019,2019-09-08,4:25,4:25,Away,TAM,1,1,Sun,W 31-17,,31,17,14,48,1.0,covered,51.0,under,18,27,66.7,158,1,1,1,8,78.9,32,98,3.06,0,256,60,4.2667,65,4.5385,2,30:04,3:06
68,266,WAS,2019,2019-09-08,1:00,1:00,Away,PHI,1,1,Sun,L 27-32,,27,32,-5,59,10.5,covered,44.0,over,30,44,68.2,370,3,0,1,10,116.7,13,28,2.15,0,398,58,6.8621,71,6.1408,,25:33,3:13
69,267,GNB,2019,2019-09-05,8:20,7:20,Away,CHI,1,1,Thu,W 10-3,,10,3,7,13,3.5,covered,47.0,under,18,30,60.0,166,1,0,5,37,86.2,22,47,2.14,0,213,57,3.7368,65,3.9077,,31:03,3:07
