,index,team,date,home,opp,Week,Game_Number,win,points_for,points_against,times_sacked,yards_per_play_offense,yards_allowed_per_defensive_play,turnovers_lost,time_of_possesion,total_TD,FGM,penalty_yards,opp_penalty_yards,loss,total_wins,total_losses,away,spread,favorite,underdog,point_diff,abs_spread,fav_covered_spread,underdog_covered_spread,covered_spread
0,511,EAGLES,2018-09-06,1,FALCONS,1.0,1.0,1.0,18.0,12.0,2.0,3.625,4.6,2.0,0.5361111111111111,2.0,1.0,101.0,135.0,0.0,1.0,0.0,0,0.0,0,0,6.0,0.0,False,True,True
1,480,LIONS,2018-09-10,1,JETS,1.0,1.0,0.0,17.0,48.0,0.0,5.0597,5.9153,5.0,0.4480555555555556,2.0,1.0,15.0,49.0,1.0,0.0,1.0,0,-7.0,1,0,-31.0,7.0,False,False,False
2,481,JETS,2018-09-10,0,LIONS,1.0,1.0,1.0,48.0,17.0,2.0,5.9153,5.0597,2.0,0.5519444444444445,6.0,2.0,49.0,15.0,0.0,1.0,0.0,1,7.0,0,1,31.0,7.0,False,True,True
3,482,RAIDERS,2018-09-10,1,RAMS,1.0,1.0,0.0,13.0,33.0,1.0,6.1719,6.0833,3.0,0.5252777777777778,1.0,2.0,155.0,70.0,1.0,0.0,1.0,0,6.5,0,1,-20.0,6.5,False,False,False
4,483,RAMS,2018-09-10,0,RAIDERS,1.0,1.0,1.0,33.0,13.0,1.0,6.0833,6.1719,0.0,0.4747222222222222,3.0,4.0,70.0,155.0,0.0,1.0,0.0,1,-6.5,1,0,20.0,6.5,True,False,True
5,484,BILLS,2018-09-09,0,RAVENS,1.0,1.0,0.0,3.0,47.0,6.0,2.5082,4.9865,2.0,0.4127777777777778,0.0,1.0,100.0,78.0,1.0,0.0,1.0,1,8.0,0,1,-44.0,8.0,False,False,False
6,485,PANTHERS,2018-09-09,1,COWBOYS,1.0,1.0,1.0,16.0,8.0,3.0,4.8033,4.0702,1.0,0.51,2.0,1.0,80.0,85.0,0.0,1.0,0.0,0,-3.0,1,0,8.0,3.0,True,False,True
7,486,BEARS,2018-09-09,0,PACKERS,1.0,1.0,0.0,23.0,24.0,4.0,4.4545,6.2712,1.0,0.5561111111111111,2.0,3.0,35.0,72.0,1.0,0.0,1.0,1,7.0,0,1,-1.0,7.0,False,False,False
8,487,BENGALS,2018-09-09,0,COLTS,1.0,1.0,1.0,34.0,23.0,2.0,6.6,4.9351,2.0,0.45333333333333337,4.0,2.0,94.0,91.0,0.0,1.0,0.0,1,-0.0,0,0,11.0,0.0,False,True,True
9,488,BROWNS,2018-09-09,1,STEELERS,1.0,1.0,0.0,21.0,21.0,7.0,3.8471,5.9,1.0,0.58,3.0,0.0,87.0,116.0,1.0,0.0,1.0,0,3.5,0,1,0.0,3.5,False,False,False
10,489,COLTS,2018-09-09,1,BENGALS,1.0,1.0,0.0,23.0,34.0,2.0,4.9351,6.6,2.0,0.5466666666666666,2.0,3.0,91.0,94.0,1.0,0.0,1.0,0,0.0,0,0,-11.0,0.0,False,False,False
11,490,CARDINALS,2018-09-09,1,REDSKINS,1.0,1.0,0.0,6.0,24.0,2.0,4.1765,5.72,2.0,0.3644444444444444,1.0,0.0,67.0,63.0,1.0,0.0,1.0,0,-2.0,1,0,-18.0,2.0,False,False,False
12,491,COWBOYS,2018-09-09,0,PANTHERS,1.0,1.0,0.0,8.0,16.0,6.0,4.0702,4.8033,1.0,0.49,1.0,0.0,85.0,80.0,1.0,0.0,1.0,1,3.0,0,1,-8.0,3.0,False,False,False
13,492,BRONCOS,2018-09-09,1,SEAHAWKS,1.0,1.0,1.0,27.0,24.0,1.0,6.5278,5.5636,3.0,0.5855555555555556,3.0,2.0,60.0,45.0,0.0,1.0,0.0,0,-3.0,1,0,3.0,3.0,False,False,False
14,493,PACKERS,2018-09-09,1,BEARS,1.0,1.0,1.0,24.0,23.0,4.0,6.2712,4.4545,2.0,0.4438888888888889,3.0,1.0,72.0,35.0,0.0,1.0,0.0,0,-7.0,1,0,1.0,7.0,False,False,False
15,494,TEXANS,2018-09-09,0,PATRIOTS,1.0,1.0,0.0,20.0,27.0,3.0,4.5775,5.4028,2.0,0.48055555555555557,2.0,2.0,44.0,36.0,1.0,0.0,1.0,1,6.0,0,1,-7.0,6.0,False,False,False
16,510,FALCONS,2018-09-06,0,EAGLES,1.0,1.0,0.0,12.0,18.0,4.0,4.6,3.625,1.0,0.4638888888888889,1.0,2.0,135.0,101.0,1.0,0.0,1.0,1,-0.0,0,0,-6.0,0.0,False,False,False
17,496,CHIEFS,2018-09-09,0,CHARGERS,1.0,1.0,1.0,38.0,28.0,1.0,6.5818,7.3108,0.0,0.4261111111111111,5.0,1.0,50.0,45.0,0.0,1.0,0.0,1,3.5,0,1,10.0,3.5,False,True,True
18,509,REDSKINS,2018-09-09,0,CARDINALS,1.0,1.0,1.0,24.0,6.0,3.0,5.72,4.1765,1.0,0.6355555555555555,3.0,1.0,63.0,67.0,0.0,1.0,0.0,1,2.0,0,1,18.0,2.0,False,True,True
19,508,BUCCANEERS,2018-09-09,0,SAINTS,1.0,1.0,1.0,48.0,40.0,0.0,8.5323,8.0508,0.0,0.5358333333333333,6.0,2.0,70.0,77.0,0.0,1.0,0.0,1,10.0,0,1,8.0,10.0,False,False,False
20,507,49ERS,2018-09-09,0,VIKINGS,1.0,1.0,0.0,16.0,24.0,3.0,5.3607,4.831,4.0,0.48083333333333333,1.0,3.0,21.0,52.0,1.0,0.0,1.0,1,6.5,0,1,-8.0,6.5,False,False,False
21,506,SEAHAWKS,2018-09-09,0,BRONCOS,1.0,1.0,0.0,24.0,27.0,6.0,5.5636,6.5278,3.0,0.41444444444444445,3.0,1.0,45.0,60.0,1.0,0.0,1.0,1,3.0,0,1,-3.0,3.0,False,False,False
22,505,CHARGERS,2018-09-09,1,CHIEFS,1.0,1.0,0.0,28.0,38.0,1.0,7.3108,6.5818,2.0,0.5738888888888889,3.0,2.0,45.0,50.0,1.0,0.0,1.0,0,-3.5,1,0,-10.0,3.5,False,False,False
23,504,RAVENS,2018-09-09,1,BILLS,1.0,1.0,1.0,47.0,3.0,2.0,4.9865,2.5082,1.0,0.5872222222222223,6.0,2.0,78.0,100.0,0.0,1.0,0.0,0,-8.0,1,0,44.0,8.0,True,False,True
24,495,JAGUARS,2018-09-09,0,GIANTS,1.0,1.0,1.0,20.0,15.0,1.0,4.9194,5.2258,1.0,0.49194444444444446,2.0,2.0,119.0,43.0,0.0,1.0,0.0,1,-3.0,1,0,5.0,3.0,True,False,True
25,502,TITANS,2018-09-09,0,DOLPHINS,1.0,1.0,0.0,20.0,27.0,0.0,5.0149,5.8966,3.0,0.4930555555555556,2.0,2.0,48.0,51.0,1.0,0.0,1.0,1,-0.0,0,0,-7.0,0.0,False,False,False
26,501,GIANTS,2018-09-09,1,JAGUARS,1.0,1.0,0.0,15.0,20.0,2.0,5.2258,4.9194,2.0,0.5080555555555556,1.0,3.0,43.0,119.0,1.0,0.0,1.0,0,3.0,0,1,-5.0,3.0,False,False,False
27,500,PATRIOTS,2018-09-09,1,TEXANS,1.0,1.0,1.0,27.0,20.0,2.0,5.4028,4.5775,3.0,0.5194444444444445,3.0,2.0,36.0,44.0,0.0,1.0,0.0,0,-6.0,1,0,7.0,6.0,True,False,True
28,499,SAINTS,2018-09-09,1,BUCCANEERS,1.0,1.0,0.0,40.0,48.0,1.0,8.0508,8.5323,2.0,0.46416666666666667,5.0,1.0,77.0,70.0,1.0,0.0,1.0,0,-10.0,1,0,-8.0,10.0,False,False,False
29,498,VIKINGS,2018-09-09,1,49ERS,1.0,1.0,1.0,24.0,16.0,3.0,4.831,5.3607,1.0,0.5191666666666667,3.0,1.0,52.0,21.0,0.0,1.0,0.0,0,-6.5,1,0,8.0,6.5,True,False,True
30,497,DOLPHINS,2018-09-09,1,TITANS,1.0,1.0,1.0,27.0,20.0,1.0,5.8966,5.0149,2.0,0.5069444444444444,3.0,2.0,51.0,48.0,0.0,1.0,0.0,0,0.0,0,0,7.0,0.0,False,True,True
31,503,STEELERS,2018-09-09,0,BROWNS,1.0,1.0,0.0,21.0,21.0,4.0,5.9,3.8471,6.0,0.5866666666666667,3.0,0.0,116.0,87.0,1.0,0.0,1.0,1,-3.5,1,0,0.0,3.5,False,False,False
32,460,TEXANS,2018-09-16,0,TITANS,2.0,2.0,0.0,17.0,20.0,4.0,7.0484,4.9649,1.0,0.4938888888888889,2.0,1.0,88.0,70.0,1.0,0.0,2.0,1,-3.5,1,0,-3.0,3.5,False,False,False
33,459,PACKERS,2018-09-16,1,VIKINGS,2.0,2.0,0.0,29.0,29.0,4.0,5.0143,7.0588,0.0,0.6355555555555555,2.0,5.0,54.0,70.0,1.0,1.0,1.0,0,2.0,0,1,0.0,2.0,False,False,False
34,458,LIONS,2018-09-16,0,49ERS,2.0,2.0,0.0,27.0,30.0,2.0,5.8493,5.7667,1.0,0.5072222222222222,3.0,2.0,105.0,86.0,1.0,0.0,2.0,1,6.0,0,1,-3.0,6.0,False,False,False
35,457,BRONCOS,2018-09-16,1,RAIDERS,2.0,2.0,1.0,20.0,19.0,1.0,6.0156,6.2167,1.0,0.45111111111111113,2.0,2.0,35.0,30.0,0.0,2.0,0.0,0,-6.0,1,0,1.0,6.0,False,False,False
36,456,COWBOYS,2018-09-16,1,GIANTS,2.0,2.0,1.0,20.0,13.0,0.0,5.96,3.806,0.0,0.4633333333333333,2.0,2.0,47.0,24.0,0.0,1.0,1.0,0,-3.0,1,0,7.0,3.0,True,False,True
37,455,CARDINALS,2018-09-16,0,RAMS,2.0,2.0,0.0,0.0,34.0,1.0,3.186,6.4478,1.0,0.4311111111111111,0.0,0.0,47.0,49.0,1.0,0.0,2.0,1,12.5,0,1,-34.0,12.5,False,False,False
38,451,BILLS,2018-09-16,1,CHARGERS,2.0,2.0,0.0,20.0,31.0,5.0,4.8833,6.3455,2.0,0.4494444444444445,2.0,2.0,31.0,45.0,1.0,0.0,2.0,0,7.5,0,1,-11.0,7.5,False,False,False
39,453,BROWNS,2018-09-16,0,SAINTS,2.0,2.0,0.0,18.0,21.0,3.0,5.45,4.5082,1.0,0.4552777777777778,2.0,2.0,43.0,53.0,1.0,0.0,2.0,1,9.5,0,1,-3.0,9.5,False,False,False
40,452,PANTHERS,2018-09-16,0,FALCONS,2.0,2.0,0.0,24.0,31.0,2.0,6.7538,7.3667,1.0,0.505,3.0,1.0,49.0,26.0,1.0,1.0,1.0,1,5.5,0,1,-7.0,5.5,False,False,False
41,450,FALCONS,2018-09-16,1,PANTHERS,2.0,2.0,1.0,31.0,24.0,0.0,7.3667,6.7538,1.0,0.495,4.0,1.0,26.0,49.0,0.0,1.0,1.0,0,-5.5,1,0,7.0,5.5,True,False,True
42,449,SEAHAWKS,2018-09-17,0,BEARS,2.0,2.0,0.0,17.0,24.0,6.0,4.3125,4.3016,2.0,0.4266666666666667,2.0,1.0,37.0,55.0,1.0,0.0,2.0,1,5.0,0,1,-7.0,5.0,False,False,False
43,448,BEARS,2018-09-17,1,SEAHAWKS,2.0,2.0,1.0,24.0,17.0,2.0,4.3016,4.3125,2.0,0.5733333333333334,3.0,1.0,55.0,37.0,0.0,1.0,1.0,0,-5.0,1,0,7.0,5.0,True,False,True
44,461,JAGUARS,2018-09-16,1,PATRIOTS,2.0,2.0,1.0,31.0,20.0,0.0,6.9565,4.9508,2.0,0.5127777777777778,4.0,1.0,71.0,25.0,0.0,2.0,0.0,0,1.5,0,1,11.0,1.5,False,True,True
45,454,COLTS,2018-09-16,0,REDSKINS,2.0,2.0,1.0,21.0,9.0,1.0,4.6833,4.7042,2.0,0.4444444444444445,3.0,0.0,26.0,90.0,0.0,1.0,1.0,1,6.0,0,1,12.0,6.0,False,True,True
46,462,CHIEFS,2018-09-16,0,STEELERS,2.0,2.0,1.0,42.0,37.0,1.0,8.3148,6.4189,1.0,0.46361111111111114,6.0,0.0,76.0,90.0,0.0,2.0,0.0,1,4.5,0,1,5.0,4.5,False,True,True
47,463,DOLPHINS,2018-09-16,0,JETS,2.0,2.0,1.0,20.0,12.0,4.0,4.431,5.746,2.0,0.4736111111111111,3.0,0.0,10.0,50.0,0.0,2.0,0.0,1,3.0,0,1,8.0,3.0,False,True,True
48,464,VIKINGS,2018-09-16,0,PACKERS,2.0,2.0,0.0,29.0,29.0,2.0,7.0588,5.0143,1.0,0.5311111111111112,4.0,0.0,70.0,54.0,1.0,1.0,1.0,1,-2.0,1,0,0.0,2.0,False,False,False
49,478,BENGALS,2018-09-13,1,RAVENS,2.0,2.0,1.0,34.0,23.0,0.0,5.3286,5.2469,0.0,0.5305555555555556,4.0,2.0,92.0,51.0,0.0,2.0,0.0,0,1.0,0,1,11.0,1.0,False,True,True
50,477,REDSKINS,2018-09-16,1,COLTS,2.0,2.0,0.0,9.0,21.0,3.0,4.7042,4.6833,1.0,0.5555555555555556,0.0,3.0,90.0,26.0,1.0,1.0,1.0,0,-6.0,1,0,-12.0,6.0,False,False,False
51,476,BUCCANEERS,2018-09-16,1,EAGLES,2.0,2.0,1.0,27.0,21.0,2.0,7.5172,5.4933,2.0,0.4058333333333334,4.0,0.0,44.0,55.0,0.0,2.0,0.0,0,3.0,0,1,6.0,3.0,False,True,True
52,475,49ERS,2018-09-16,1,LIONS,2.0,2.0,1.0,30.0,27.0,6.0,5.7667,5.8493,0.0,0.49277777777777776,3.0,3.0,86.0,105.0,0.0,1.0,1.0,0,-6.0,1,0,3.0,6.0,False,False,False
53,474,CHARGERS,2018-09-16,0,BILLS,2.0,2.0,1.0,31.0,20.0,2.0,6.3455,4.8833,0.0,0.5505555555555556,4.0,1.0,45.0,31.0,0.0,1.0,1.0,1,-7.5,1,0,11.0,7.5,True,False,True
54,473,RAMS,2018-09-16,1,CARDINALS,2.0,2.0,1.0,34.0,0.0,2.0,6.4478,3.186,1.0,0.5688888888888889,4.0,1.0,49.0,47.0,0.0,2.0,0.0,0,-12.5,1,0,34.0,12.5,True,False,True
55,472,RAIDERS,2018-09-16,0,BRONCOS,2.0,2.0,0.0,19.0,20.0,1.0,6.2167,6.0156,0.0,0.5488888888888889,2.0,2.0,30.0,35.0,1.0,0.0,2.0,1,6.0,0,1,-1.0,6.0,False,False,False
56,479,RAVENS,2018-09-13,0,BENGALS,2.0,2.0,0.0,23.0,34.0,4.0,5.2469,5.3286,3.0,0.46944444444444444,3.0,1.0,51.0,92.0,1.0,1.0,1.0,1,-1.0,1,0,-11.0,1.0,False,False,False
57,470,EAGLES,2018-09-16,0,BUCCANEERS,2.0,2.0,0.0,21.0,27.0,3.0,5.4933,7.5172,2.0,0.5941666666666667,3.0,0.0,55.0,44.0,1.0,1.0,1.0,1,-3.0,1,0,-6.0,3.0,False,False,False
58,469,TITANS,2018-09-16,1,TEXANS,2.0,2.0,1.0,20.0,17.0,1.0,4.9649,7.0484,0.0,0.5061111111111111,2.0,2.0,70.0,88.0,0.0,1.0,1.0,0,3.5,0,1,3.0,3.5,False,False,False
59,468,JETS,2018-09-16,1,DOLPHINS,2.0,2.0,0.0,12.0,20.0,3.0,5.746,4.431,3.0,0.5263888888888889,1.0,2.0,50.0,10.0,1.0,1.0,1.0,0,-3.0,1,0,-8.0,3.0,False,False,False
60,467,GIANTS,2018-09-16,0,COWBOYS,2.0,2.0,0.0,13.0,20.0,6.0,3.806,5.96,1.0,0.5366666666666666,1.0,2.0,24.0,47.0,1.0,0.0,2.0,1,3.0,0,1,-7.0,3.0,False,False,False
61,466,PATRIOTS,2018-09-16,0,JAGUARS,2.0,2.0,0.0,20.0,31.0,2.0,4.9508,6.9565,1.0,0.4872222222222222,2.0,2.0,25.0,71.0,1.0,1.0,1.0,1,-1.5,1,0,-11.0,1.5,False,False,False
62,465,SAINTS,2018-09-16,1,BROWNS,2.0,2.0,1.0,21.0,18.0,3.0,4.5082,5.45,2.0,0.5447222222222222,2.0,2.0,53.0,43.0,0.0,1.0,1.0,0,-9.5,1,0,3.0,9.5,False,False,False
63,471,STEELERS,2018-09-16,1,CHIEFS,2.0,2.0,0.0,37.0,42.0,1.0,6.4189,8.3148,0.0,0.5363888888888889,5.0,0.0,90.0,76.0,1.0,0.0,2.0,0,-4.5,1,0,-5.0,4.5,False,False,False
64,428,PACKERS,2018-09-23,0,REDSKINS,3.0,3.0,0.0,17.0,31.0,4.0,5.1515,7.0182,1.0,0.5152777777777777,2.0,1.0,115.0,66.0,1.0,1.0,2.0,1,-2.5,1,0,-14.0,2.5,False,False,False
65,427,LIONS,2018-09-23,1,PATRIOTS,3.0,3.0,1.0,26.0,10.0,1.0,5.9143,4.4468,1.0,0.6541666666666667,2.0,4.0,70.0,38.0,0.0,1.0,2.0,0,7.0,0,1,16.0,7.0,False,True,True
66,426,BRONCOS,2018-09-23,0,RAVENS,3.0,3.0,0.0,14.0,27.0,3.0,4.8033,4.8857,1.0,0.4961111111111111,2.0,0.0,120.0,52.0,1.0,2.0,1.0,1,5.5,0,1,-13.0,5.5,False,False,False
67,425,COWBOYS,2018-09-23,0,SEAHAWKS,3.0,3.0,0.0,13.0,24.0,5.0,5.2241,4.403,3.0,0.45444444444444443,1.0,2.0,55.0,67.0,1.0,1.0,2.0,1,1.5,0,1,-11.0,1.5,False,False,False
68,424,CARDINALS,2018-09-23,1,BEARS,3.0,3.0,0.0,14.0,16.0,4.0,4.6042,4.5797,4.0,0.39416666666666667,2.0,0.0,43.0,45.0,1.0,0.0,3.0,0,5.5,0,1,-2.0,5.5,False,False,False
69,423,COLTS,2018-09-23,0,EAGLES,3.0,3.0,0.0,16.0,20.0,2.0,3.7321,4.9221,0.0,0.32999999999999996,1.0,3.0,77.0,110.0,1.0,1.0,2.0,1,6.5,0,1,-4.0,6.5,False,False,False
70,419,BILLS,2018-09-23,0,VIKINGS,3.0,3.0,1.0,27.0,6.0,3.0,4.6349,4.4923,0.0,0.5958333333333333,3.0,2.0,84.0,59.0,0.0,1.0,2.0,1,17.0,0,1,21.0,17.0,False,True,True
71,421,BEARS,2018-09-23,0,CARDINALS,3.0,3.0,1.0,16.0,14.0,3.0,4.5797,4.6042,2.0,0.6058333333333333,1.0,3.0,45.0,43.0,0.0,2.0,1.0,1,-5.5,1,0,2.0,5.5,False,False,False
72,420,PANTHERS,2018-09-23,1,BENGALS,3.0,3.0,1.0,31.0,21.0,1.0,5.7121,6.4918,0.0,0.5652777777777778,4.0,1.0,17.0,36.0,0.0,2.0,1.0,0,-2.5,1,0,10.0,2.5,True,False,True
73,418,FALCONS,2018-09-23,1,SAINTS,3.0,3.0,0.0,37.0,43.0,3.0,6.7833,6.9351,0.0,0.4888888888888889,5.0,0.0,54.0,120.0,1.0,1.0,2.0,0,-1.5,1,0,-6.0,1.5,False,False,False
74,417,BUCCANEERS,2018-09-24,1,STEELERS,3.0,3.0,0.0,27.0,30.0,3.0,6.5942,6.5556,4.0,0.49416666666666664,3.0,2.0,80.0,155.0,1.0,2.0,1.0,0,-1.0,1,0,-3.0,1.0,False,False,False
75,416,STEELERS,2018-09-24,0,BUCCANEERS,3.0,3.0,1.0,30.0,27.0,3.0,6.5556,6.5942,1.0,0.5058333333333334,4.0,1.0,155.0,80.0,0.0,1.0,2.0,1,1.0,0,1,3.0,1.0,False,True,True
76,429,TEXANS,2018-09-23,1,GIANTS,3.0,3.0,0.0,22.0,27.0,3.0,6.8871,6.3167,2.0,0.4083333333333334,2.0,3.0,50.0,20.0,1.0,0.0,3.0,0,-6.0,1,0,-5.0,6.0,False,False,False
77,422,BENGALS,2018-09-23,0,PANTHERS,3.0,3.0,0.0,21.0,31.0,2.0,6.4918,5.7121,4.0,0.43472222222222223,3.0,0.0,36.0,17.0,1.0,2.0,1.0,1,2.5,0,1,-10.0,2.5,False,False,False
78,430,JAGUARS,2018-09-23,1,TITANS,3.0,3.0,0.0,6.0,9.0,3.0,4.1429,3.9492,1.0,0.45361111111111113,0.0,2.0,75.0,30.0,1.0,2.0,1.0,0,-10.0,1,0,-3.0,10.0,False,False,False
79,432,DOLPHINS,2018-09-23,1,RAIDERS,3.0,3.0,1.0,28.0,20.0,1.0,9.5641,5.8649,0.0,0.3580555555555555,4.0,0.0,74.0,38.0,0.0,3.0,0.0,0,-3.0,1,0,8.0,3.0,True,False,True
80,447,JETS,2018-09-20,0,BROWNS,3.0,3.0,0.0,17.0,21.0,2.0,4.254,4.3649,3.0,0.4855555555555556,2.0,1.0,55.0,41.0,1.0,1.0,2.0,1,3.0,0,1,-4.0,3.0,False,False,False
81,431,CHIEFS,2018-09-23,1,49ERS,3.0,3.0,1.0,38.0,27.0,2.0,5.6471,6.4444,0.0,0.5002777777777778,5.0,1.0,48.0,147.0,0.0,3.0,0.0,0,-6.0,1,0,11.0,6.0,True,False,True
82,446,BROWNS,2018-09-20,1,JETS,3.0,3.0,1.0,21.0,17.0,4.0,4.3649,4.254,0.0,0.5144444444444445,2.0,2.0,41.0,55.0,0.0,1.0,2.0,0,-3.0,1,0,4.0,3.0,True,False,True
83,445,REDSKINS,2018-09-23,1,PACKERS,3.0,3.0,1.0,31.0,17.0,0.0,7.0182,5.1515,1.0,0.4847222222222222,4.0,1.0,66.0,115.0,0.0,2.0,1.0,0,2.5,0,1,14.0,2.5,False,True,True
84,444,49ERS,2018-09-23,0,CHIEFS,3.0,3.0,0.0,27.0,38.0,4.0,6.4444,5.6471,0.0,0.49972222222222223,3.0,2.0,147.0,48.0,1.0,1.0,2.0,1,6.0,0,1,-11.0,6.0,False,False,False
85,443,SEAHAWKS,2018-09-23,1,COWBOYS,3.0,3.0,1.0,24.0,13.0,2.0,4.403,5.2241,0.0,0.5455555555555556,3.0,1.0,67.0,55.0,0.0,1.0,2.0,0,-1.5,1,0,11.0,1.5,True,False,True
86,441,RAVENS,2018-09-23,1,BRONCOS,3.0,3.0,1.0,27.0,14.0,2.0,4.8857,4.8033,0.0,0.5038888888888889,3.0,2.0,52.0,120.0,0.0,2.0,1.0,0,-5.5,1,0,13.0,5.5,True,False,True
87,440,RAMS,2018-09-23,1,CHARGERS,3.0,3.0,1.0,35.0,23.0,1.0,7.2361,6.8462,2.0,0.5711111111111111,5.0,0.0,64.0,30.0,0.0,3.0,0.0,0,-7.0,1,0,12.0,7.0,True,False,True
88,442,CHARGERS,2018-09-23,0,RAMS,3.0,3.0,0.0,23.0,35.0,2.0,6.8462,7.2361,2.0,0.42888888888888893,3.0,1.0,30.0,64.0,1.0,1.0,2.0,1,7.0,0,1,-12.0,7.0,False,False,False
89,438,EAGLES,2018-09-23,1,COLTS,3.0,3.0,1.0,20.0,16.0,5.0,4.9221,3.7321,2.0,0.6699999999999999,2.0,2.0,110.0,77.0,0.0,2.0,1.0,0,-6.5,1,0,4.0,6.5,False,False,False
90,437,TITANS,2018-09-23,0,JAGUARS,3.0,3.0,1.0,9.0,6.0,3.0,3.9492,4.1429,0.0,0.5463888888888889,0.0,3.0,30.0,75.0,0.0,2.0,1.0,1,10.0,0,1,3.0,10.0,False,False,False
91,436,GIANTS,2018-09-23,0,TEXANS,3.0,3.0,1.0,27.0,22.0,4.0,6.3167,6.8871,0.0,0.5916666666666667,3.0,2.0,20.0,50.0,0.0,1.0,2.0,1,6.0,0,1,5.0,6.0,False,False,False
92,435,PATRIOTS,2018-09-23,0,LIONS,3.0,3.0,0.0,10.0,26.0,2.0,4.4468,5.9143,1.0,0.3458333333333333,1.0,1.0,38.0,70.0,1.0,1.0,2.0,1,-7.0,1,0,-16.0,7.0,False,False,False
93,434,SAINTS,2018-09-23,0,FALCONS,3.0,3.0,1.0,43.0,37.0,1.0,6.9351,6.7833,0.0,0.6291666666666667,5.0,3.0,120.0,54.0,0.0,2.0,1.0,1,1.5,0,1,6.0,1.5,False,True,True
94,433,VIKINGS,2018-09-23,1,BILLS,3.0,3.0,0.0,6.0,27.0,4.0,4.4923,4.6349,3.0,0.4041666666666667,1.0,0.0,59.0,84.0,1.0,1.0,2.0,0,-17.0,1,0,-21.0,17.0,False,False,False
95,439,RAIDERS,2018-09-23,0,DOLPHINS,3.0,3.0,0.0,20.0,28.0,3.0,5.8649,9.5641,2.0,0.6419444444444444,2.0,2.0,38.0,74.0,1.0,0.0,3.0,1,3.0,0,1,-8.0,3.0,False,False,False
96,394,CARDINALS,2018-09-30,1,SEAHAWKS,4.0,4.0,0.0,17.0,20.0,1.0,4.6964,5.3387,1.0,0.47055555555555556,2.0,1.0,38.0,57.0,1.0,0.0,4.0,0,3.5,0,1,-3.0,3.5,False,False,False
97,398,TEXANS,2018-09-30,0,COLTS,4.0,4.0,1.0,37.0,34.0,7.0,5.5476,5.759,1.0,0.6677777777777777,4.0,3.0,54.0,85.0,0.0,1.0,3.0,1,-1.0,1,0,3.0,1.0,True,False,True
98,397,PACKERS,2018-09-30,1,BILLS,4.0,4.0,1.0,22.0,0.0,2.0,5.7162,2.5893,2.0,0.5769444444444445,2.0,3.0,60.0,20.0,0.0,2.0,2.0,0,-9.0,1,0,22.0,9.0,True,False,True
99,396,LIONS,2018-09-30,0,COWBOYS,4.0,4.0,0.0,24.0,26.0,3.0,7.2075,6.3692,0.0,0.4986111111111111,3.0,1.0,58.0,20.0,1.0,1.0,3.0,1,2.5,0,1,-2.0,2.5,False,False,False
100,395,COWBOYS,2018-09-30,1,LIONS,4.0,4.0,1.0,26.0,24.0,3.0,6.3692,7.2075,0.0,0.5013888888888889,2.0,4.0,20.0,58.0,0.0,2.0,2.0,0,-2.5,1,0,2.0,2.5,False,False,False
101,393,COLTS,2018-09-30,1,TEXANS,4.0,4.0,0.0,34.0,37.0,4.0,5.759,5.5476,2.0,0.4988888888888889,4.0,2.0,85.0,54.0,1.0,1.0,3.0,0,1.0,0,1,-3.0,1.0,False,False,False
102,401,SAINTS,2018-09-30,0,GIANTS,4.0,4.0,1.0,33.0,18.0,1.0,5.806,5.0678,0.0,0.5166666666666667,3.0,4.0,51.0,67.0,0.0,3.0,1.0,1,-3.0,1,0,15.0,3.0,True,False,True
103,391,BENGALS,2018-09-30,0,FALCONS,4.0,4.0,1.0,37.0,36.0,3.0,6.0746,7.5,1.0,0.5105555555555555,5.0,1.0,55.0,95.0,0.0,3.0,1.0,1,3.5,0,1,1.0,3.5,False,False,False
104,390,BEARS,2018-09-30,1,BUCCANEERS,4.0,4.0,1.0,48.0,10.0,1.0,8.3276,5.1833,0.0,0.4683333333333333,6.0,2.0,38.0,99.0,0.0,3.0,1.0,0,-3.0,1,0,38.0,3.0,True,False,True
105,389,BILLS,2018-09-30,0,PACKERS,4.0,4.0,0.0,0.0,22.0,7.0,2.5893,5.7162,3.0,0.4230555555555556,0.0,0.0,20.0,60.0,1.0,1.0,3.0,1,9.0,0,1,-22.0,9.0,False,False,False
106,388,FALCONS,2018-09-30,1,BENGALS,4.0,4.0,0.0,36.0,37.0,3.0,7.5,6.0746,0.0,0.48944444444444446,4.0,3.0,95.0,55.0,1.0,1.0,3.0,0,-3.5,1,0,-1.0,3.5,False,False,False
107,387,CHIEFS,2018-10-01,0,BRONCOS,4.0,4.0,1.0,27.0,23.0,1.0,6.1944,6.5254,0.0,0.5838888888888889,3.0,2.0,93.0,25.0,0.0,4.0,0.0,1,-3.5,1,0,4.0,3.5,True,False,True
108,386,BRONCOS,2018-10-01,1,CHIEFS,4.0,4.0,0.0,23.0,27.0,4.0,6.5254,6.1944,1.0,0.41611111111111115,2.0,3.0,25.0,93.0,1.0,2.0,2.0,0,3.5,0,1,-4.0,3.5,False,False,False
109,392,BROWNS,2018-09-30,0,RAIDERS,4.0,4.0,0.0,42.0,45.0,2.0,6.5811,6.2778,4.0,0.5230555555555556,5.0,2.0,55.0,65.0,1.0,1.0,3.0,1,2.5,0,1,-3.0,2.5,False,False,False
110,399,JAGUARS,2018-09-30,1,JETS,4.0,4.0,1.0,31.0,12.0,2.0,6.7973,3.4902,3.0,0.6263888888888889,3.0,3.0,89.0,43.0,0.0,3.0,1.0,0,-7.5,1,0,19.0,7.5,True,False,True
111,405,TITANS,2018-09-30,1,EAGLES,4.0,4.0,1.0,26.0,23.0,3.0,5.8382,5.6842,1.0,0.5916666666666667,3.0,2.0,30.0,77.0,0.0,3.0,1.0,0,3.0,0,1,3.0,3.0,False,False,False
112,402,PATRIOTS,2018-09-30,1,DOLPHINS,4.0,4.0,1.0,38.0,7.0,0.0,5.9867,3.8222,2.0,0.606111111111111,5.0,1.0,57.0,89.0,0.0,2.0,2.0,0,-6.5,1,0,31.0,6.5,True,False,True
113,415,RAMS,2018-09-27,1,VIKINGS,4.0,4.0,1.0,38.0,31.0,1.0,10.1091,6.2817,0.0,0.4627777777777778,5.0,1.0,15.0,35.0,0.0,4.0,0.0,0,-7.0,1,0,7.0,7.0,False,False,False
114,414,VIKINGS,2018-09-27,0,RAMS,4.0,4.0,0.0,31.0,38.0,4.0,6.2817,10.1091,1.0,0.5372222222222223,3.0,3.0,35.0,15.0,1.0,1.0,3.0,1,7.0,0,1,-7.0,7.0,False,False,False
115,413,BUCCANEERS,2018-09-30,0,BEARS,4.0,4.0,0.0,10.0,48.0,4.0,5.1833,8.3276,3.0,0.5316666666666667,1.0,1.0,99.0,38.0,1.0,2.0,2.0,1,3.0,0,1,-38.0,3.0,False,False,False
116,412,49ERS,2018-09-30,0,CHARGERS,4.0,4.0,0.0,27.0,29.0,1.0,6.1695,5.4925,2.0,0.45944444444444443,3.0,2.0,29.0,49.0,1.0,1.0,3.0,1,10.0,0,1,-2.0,10.0,False,False,False
117,400,DOLPHINS,2018-09-30,0,PATRIOTS,4.0,4.0,0.0,7.0,38.0,2.0,3.8222,5.9867,2.0,0.3938888888888889,1.0,0.0,89.0,57.0,1.0,3.0,1.0,1,6.5,0,1,-31.0,6.5,False,False,False
118,410,CHARGERS,2018-09-30,1,49ERS,4.0,4.0,1.0,29.0,27.0,1.0,5.4925,6.1695,1.0,0.5405555555555556,3.0,3.0,49.0,29.0,0.0,2.0,2.0,0,-10.0,1,0,2.0,10.0,False,False,False
119,411,SEAHAWKS,2018-09-30,0,CARDINALS,4.0,4.0,1.0,20.0,17.0,2.0,5.3387,4.6964,0.0,0.5294444444444445,2.0,2.0,57.0,38.0,0.0,2.0,2.0,1,-3.5,1,0,3.0,3.5,False,False,False
120,408,RAIDERS,2018-09-30,1,BROWNS,4.0,4.0,1.0,45.0,42.0,3.0,6.2778,6.5811,2.0,0.6141666666666666,5.0,3.0,65.0,55.0,0.0,1.0,3.0,0,-2.5,1,0,3.0,2.5,True,False,True
121,407,STEELERS,2018-09-30,1,RAVENS,4.0,4.0,0.0,14.0,26.0,1.0,4.8136,6.0946,2.0,0.41583333333333333,1.0,2.0,40.0,50.0,1.0,1.0,3.0,0,-3.0,1,0,-12.0,3.0,False,False,False
122,406,EAGLES,2018-09-30,0,TITANS,4.0,4.0,0.0,23.0,26.0,4.0,5.6842,5.8382,1.0,0.5736111111111111,2.0,3.0,77.0,30.0,1.0,2.0,2.0,1,-3.0,1,0,-3.0,3.0,False,False,False
123,404,JETS,2018-09-30,0,JAGUARS,4.0,4.0,0.0,12.0,31.0,3.0,3.4902,6.7973,0.0,0.37361111111111106,1.0,2.0,43.0,89.0,1.0,1.0,3.0,1,7.5,0,1,-19.0,7.5,False,False,False
124,403,GIANTS,2018-09-30,1,SAINTS,4.0,4.0,0.0,18.0,33.0,3.0,5.0678,5.806,2.0,0.48333333333333334,2.0,1.0,67.0,51.0,1.0,1.0,3.0,0,3.0,0,1,-15.0,3.0,False,False,False
125,409,RAVENS,2018-09-30,0,STEELERS,4.0,4.0,1.0,26.0,14.0,2.0,6.0946,4.8136,1.0,0.5841666666666667,2.0,4.0,50.0,40.0,0.0,3.0,1.0,1,3.0,0,1,12.0,3.0,False,True,True
126,364,COWBOYS,2018-10-07,0,TEXANS,5.0,5.0,0.0,16.0,19.0,2.0,4.8667,6.0789,2.0,0.5255555555555556,1.0,3.0,72.0,25.0,1.0,2.0,3.0,1,3.5,0,1,-3.0,3.5,False,False,False
127,367,PACKERS,2018-10-07,0,LIONS,5.0,5.0,0.0,23.0,31.0,4.0,6.8553,4.6316,3.0,0.5555555555555556,3.0,1.0,112.0,71.0,1.0,2.0,3.0,1,1.0,0,1,-8.0,1.0,False,False,False
128,366,LIONS,2018-10-07,1,PACKERS,5.0,5.0,1.0,31.0,23.0,3.0,4.6316,6.8553,0.0,0.4444444444444445,4.0,1.0,71.0,112.0,0.0,2.0,3.0,0,-1.0,1,0,8.0,1.0,True,False,True
129,365,BRONCOS,2018-10-07,0,JETS,5.0,5.0,0.0,16.0,34.0,4.0,6.0556,8.3934,1.0,0.5183333333333334,2.0,1.0,45.0,33.0,1.0,2.0,3.0,1,-1.0,1,0,-18.0,1.0,False,False,False
130,363,CARDINALS,2018-10-07,0,49ERS,5.0,5.0,1.0,28.0,18.0,1.0,4.4898,4.8587,0.0,0.32999999999999996,4.0,0.0,46.0,65.0,0.0,1.0,4.0,1,3.0,0,1,10.0,3.0,False,True,True
131,368,TEXANS,2018-10-07,1,COWBOYS,5.0,5.0,1.0,19.0,16.0,1.0,6.0789,4.8667,2.0,0.6105555555555555,1.0,4.0,25.0,72.0,0.0,2.0,3.0,0,-3.5,1,0,3.0,3.5,False,False,False
132,361,BENGALS,2018-10-07,1,DOLPHINS,5.0,5.0,1.0,27.0,17.0,2.0,5.7241,4.95,1.0,0.5097222222222222,3.0,2.0,47.0,85.0,0.0,4.0,1.0,0,-6.0,1,0,10.0,6.0,True,False,True
133,360,PANTHERS,2018-10-07,1,GIANTS,5.0,4.0,1.0,33.0,31.0,1.0,5.2239,8.0,2.0,0.5908333333333333,3.0,4.0,22.0,62.0,0.0,3.0,1.0,0,-6.5,1,0,2.0,6.5,False,False,False
134,359,BILLS,2018-10-07,1,TITANS,5.0,5.0,1.0,13.0,12.0,1.0,3.4844,4.1698,1.0,0.5636111111111112,1.0,2.0,30.0,40.0,0.0,2.0,3.0,0,6.0,0,1,1.0,6.0,False,False,False
135,358,FALCONS,2018-10-07,0,STEELERS,5.0,5.0,0.0,17.0,41.0,6.0,4.6286,6.569,1.0,0.5144444444444445,2.0,1.0,75.0,58.0,1.0,1.0,4.0,1,3.5,0,1,-24.0,3.5,False,False,False
136,357,REDSKINS,2018-10-08,0,SAINTS,5.0,4.0,0.0,19.0,43.0,3.0,4.7167,7.0952,2.0,0.4452777777777778,2.0,2.0,38.0,45.0,1.0,2.0,2.0,1,6.0,0,1,-24.0,6.0,False,False,False
137,356,SAINTS,2018-10-08,1,REDSKINS,5.0,5.0,1.0,43.0,19.0,2.0,7.0952,4.7167,1.0,0.5547222222222222,6.0,1.0,45.0,38.0,0.0,4.0,1.0,0,-6.0,1,0,24.0,6.0,True,False,True
138,362,BROWNS,2018-10-07,1,RAVENS,5.0,5.0,1.0,12.0,9.0,5.0,5.4737,4.881,1.0,0.6044444444444445,1.0,2.0,66.0,41.0,0.0,2.0,3.0,0,3.0,0,1,3.0,3.0,False,False,False
139,369,JAGUARS,2018-10-07,0,CHIEFS,5.0,5.0,0.0,14.0,30.0,5.0,6.0482,6.1449,5.0,0.45472222222222225,2.0,0.0,45.0,105.0,1.0,3.0,2.0,1,3.0,0,1,-16.0,3.0,False,False,False
140,374,JETS,2018-10-07,1,BRONCOS,5.0,5.0,1.0,34.0,16.0,1.0,8.3934,6.0556,2.0,0.4816666666666667,4.0,2.0,33.0,45.0,0.0,2.0,3.0,0,1.0,0,1,18.0,1.0,False,True,True
141,371,DOLPHINS,2018-10-07,0,BENGALS,5.0,5.0,0.0,17.0,27.0,3.0,4.95,5.7241,3.0,0.49027777777777776,2.0,1.0,85.0,47.0,1.0,3.0,2.0,1,6.0,0,1,-10.0,6.0,False,False,False
142,370,CHIEFS,2018-10-07,1,JAGUARS,5.0,5.0,1.0,30.0,14.0,1.0,6.1449,6.0482,2.0,0.5452777777777778,3.0,3.0,105.0,45.0,0.0,5.0,0.0,0,-3.0,1,0,16.0,3.0,True,False,True
143,385,PATRIOTS,2018-10-04,1,COLTS,5.0,5.0,1.0,38.0,24.0,0.0,6.5373,5.4198,2.0,0.45944444444444443,5.0,1.0,50.0,35.0,0.0,3.0,2.0,0,-11.0,1,0,14.0,11.0,True,False,True
144,384,COLTS,2018-10-04,0,PATRIOTS,5.0,5.0,0.0,24.0,38.0,1.0,5.4198,6.5373,3.0,0.5405555555555556,3.0,1.0,35.0,50.0,1.0,1.0,4.0,1,11.0,0,1,-14.0,11.0,False,False,False
145,382,SEAHAWKS,2018-10-07,1,RAMS,5.0,5.0,0.0,31.0,33.0,2.0,6.7818,7.4286,0.0,0.5083333333333333,4.0,1.0,50.0,45.0,1.0,2.0,3.0,0,7.5,0,1,-2.0,7.5,False,False,False
146,381,CHARGERS,2018-10-07,1,RAIDERS,5.0,5.0,1.0,26.0,10.0,1.0,6.9831,5.898,0.0,0.5777777777777777,3.0,2.0,82.0,55.0,0.0,3.0,2.0,0,-5.5,1,0,16.0,5.5,True,False,True
147,380,RAVENS,2018-10-07,0,BROWNS,5.0,5.0,0.0,9.0,12.0,2.0,4.881,5.4737,2.0,0.5616666666666668,0.0,3.0,41.0,66.0,1.0,3.0,2.0,1,-3.0,1,0,-3.0,3.0,False,False,False
148,383,49ERS,2018-10-07,1,CARDINALS,5.0,5.0,0.0,18.0,28.0,4.0,4.8587,4.4898,5.0,0.6699999999999999,3.0,0.0,65.0,46.0,1.0,1.0,4.0,0,-3.0,1,0,-10.0,3.0,False,False,False
149,378,RAIDERS,2018-10-07,0,CHARGERS,5.0,5.0,0.0,10.0,26.0,3.0,5.898,6.9831,2.0,0.4222222222222222,1.0,1.0,55.0,82.0,1.0,1.0,4.0,1,5.5,0,1,-16.0,5.5,False,False,False
150,379,RAMS,2018-10-07,0,SEAHAWKS,5.0,5.0,1.0,33.0,31.0,1.0,7.4286,6.7818,2.0,0.4916666666666667,4.0,2.0,45.0,50.0,0.0,5.0,0.0,1,-7.5,1,0,2.0,7.5,False,False,False
151,373,GIANTS,2018-10-07,0,PANTHERS,5.0,5.0,0.0,31.0,33.0,1.0,8.0,5.2239,3.0,0.4091666666666667,3.0,3.0,62.0,22.0,1.0,1.0,4.0,1,6.5,0,1,-2.0,6.5,False,False,False
152,375,TITANS,2018-10-07,0,BILLS,5.0,5.0,0.0,12.0,13.0,2.0,4.1698,3.4844,3.0,0.4363888888888889,0.0,4.0,40.0,30.0,1.0,3.0,2.0,1,-6.0,1,0,-1.0,6.0,False,False,False
153,372,VIKINGS,2018-10-07,0,EAGLES,5.0,5.0,1.0,23.0,21.0,1.0,6.1475,6.6182,1.0,0.5463888888888889,2.0,3.0,23.0,52.0,0.0,2.0,3.0,1,3.5,0,1,2.0,3.5,False,False,False
154,376,EAGLES,2018-10-07,1,VIKINGS,5.0,5.0,0.0,21.0,23.0,3.0,6.6182,6.1475,2.0,0.45361111111111113,2.0,2.0,52.0,23.0,1.0,2.0,3.0,0,-3.5,1,0,-2.0,3.5,False,False,False
155,377,STEELERS,2018-10-07,1,FALCONS,5.0,5.0,1.0,41.0,17.0,0.0,6.569,4.6286,1.0,0.4855555555555556,6.0,0.0,58.0,75.0,0.0,2.0,3.0,0,-3.5,1,0,24.0,3.5,True,False,True
156,326,PACKERS,2018-10-15,1,49ERS,6.0,6.0,1.0,33.0,30.0,3.0,7.4429,7.2909,0.0,0.518888888888889,3.0,4.0,54.0,10.0,0.0,3.0,3.0,0,-9.5,1,0,3.0,9.5,False,False,False
157,327,49ERS,2018-10-15,0,PACKERS,6.0,6.0,0.0,30.0,33.0,2.0,7.2909,7.4429,3.0,0.4811111111111111,3.0,3.0,10.0,54.0,1.0,1.0,5.0,1,9.5,0,1,-3.0,9.5,False,False,False
158,328,FALCONS,2018-10-14,1,BUCCANEERS,6.0,6.0,1.0,34.0,29.0,1.0,6.5156,8.0952,0.0,0.5275000000000001,4.0,2.0,30.0,20.0,0.0,2.0,4.0,0,-3.0,1,0,5.0,3.0,True,False,True
159,329,BILLS,2018-10-14,0,TEXANS,6.0,6.0,0.0,13.0,20.0,2.0,3.9483,3.7895,3.0,0.55,1.0,2.0,104.0,50.0,1.0,2.0,4.0,1,10.0,0,1,-7.0,10.0,False,False,False
160,330,PANTHERS,2018-10-14,0,REDSKINS,6.0,5.0,0.0,17.0,23.0,1.0,5.9322,4.2985,3.0,0.41000000000000003,2.0,1.0,55.0,43.0,1.0,3.0,2.0,1,-1.0,1,0,-6.0,1.0,False,False,False
161,331,BEARS,2018-10-14,0,DOLPHINS,6.0,5.0,0.0,28.0,31.0,2.0,7.2969,7.2133,3.0,0.5569444444444445,4.0,0.0,58.0,67.0,1.0,3.0,2.0,1,-7.0,1,0,-3.0,7.0,False,False,False
162,332,BENGALS,2018-10-14,1,STEELERS,6.0,6.0,0.0,21.0,28.0,3.0,4.7414,7.1791,0.0,0.4177777777777778,3.0,0.0,30.0,69.0,1.0,4.0,2.0,0,-1.5,1,0,-7.0,1.5,False,False,False
163,333,BROWNS,2018-10-14,1,CHARGERS,6.0,6.0,0.0,14.0,38.0,5.0,4.4028,7.7414,2.0,0.47305555555555556,1.0,2.0,53.0,72.0,1.0,2.0,4.0,0,-1.0,1,0,-24.0,1.0,False,False,False
164,335,CARDINALS,2018-10-14,0,VIKINGS,6.0,6.0,0.0,17.0,27.0,4.0,4.8727,5.8714,2.0,0.4272222222222222,2.0,1.0,30.0,52.0,1.0,1.0,5.0,1,9.5,0,1,-10.0,9.5,False,False,False
165,336,COWBOYS,2018-10-14,1,JAGUARS,6.0,6.0,1.0,40.0,7.0,3.0,5.25,4.3404,0.0,0.6472222222222221,4.0,4.0,25.0,30.0,0.0,3.0,3.0,0,3.0,0,1,33.0,3.0,False,True,True
166,338,TEXANS,2018-10-14,1,BILLS,6.0,6.0,1.0,20.0,13.0,7.0,3.7895,3.9483,3.0,0.45,2.0,2.0,50.0,104.0,0.0,3.0,3.0,0,-10.0,1,0,7.0,10.0,False,False,False
167,339,JAGUARS,2018-10-14,0,COWBOYS,6.0,6.0,0.0,7.0,40.0,3.0,4.3404,5.25,2.0,0.35277777777777775,1.0,0.0,30.0,25.0,1.0,3.0,3.0,1,-3.0,1,0,-33.0,3.0,False,False,False
168,340,CHIEFS,2018-10-14,0,PATRIOTS,6.0,6.0,0.0,40.0,43.0,0.0,8.4151,6.6667,2.0,0.3975,4.0,4.0,58.0,0.0,1.0,5.0,1.0,1,4.0,0,1,-3.0,4.0,False,False,False
169,334,COLTS,2018-10-14,0,JETS,6.0,6.0,0.0,34.0,42.0,0.0,6.4848,5.5,4.0,0.3827777777777778,4.0,2.0,66.0,49.0,1.0,1.0,5.0,1,2.5,0,1,-8.0,2.5,False,False,False
170,342,VIKINGS,2018-10-14,1,CARDINALS,6.0,6.0,1.0,27.0,17.0,4.0,5.8714,4.8727,2.0,0.5727777777777777,3.0,2.0,52.0,30.0,0.0,3.0,3.0,0,-9.5,1,0,10.0,9.5,True,False,True
171,355,EAGLES,2018-10-11,0,GIANTS,6.0,6.0,1.0,34.0,13.0,1.0,5.5735,6.2656,0.0,0.5416666666666666,4.0,2.0,25.0,61.0,0.0,3.0,3.0,1,-2.0,1,0,21.0,2.0,True,False,True
172,341,DOLPHINS,2018-10-14,1,BEARS,6.0,6.0,1.0,31.0,28.0,0.0,7.2133,7.2969,3.0,0.6097222222222222,3.0,3.0,67.0,58.0,0.0,4.0,2.0,0,7.0,0,1,3.0,7.0,False,False,False
173,353,REDSKINS,2018-10-14,1,PANTHERS,6.0,5.0,1.0,23.0,17.0,3.0,4.2985,5.9322,0.0,0.5900000000000001,2.0,3.0,43.0,55.0,0.0,3.0,2.0,0,1.0,0,1,6.0,1.0,False,True,True
174,352,BUCCANEERS,2018-10-14,0,FALCONS,6.0,5.0,0.0,29.0,34.0,2.0,8.0952,6.5156,2.0,0.47250000000000003,4.0,1.0,20.0,30.0,1.0,2.0,3.0,1,3.0,0,1,-5.0,3.0,False,False,False
175,351,SEAHAWKS,2018-10-14,0,RAIDERS,6.0,6.0,1.0,27.0,3.0,1.0,6.0492,3.3036,1.0,0.523888888888889,3.0,2.0,64.0,38.0,0.0,3.0,3.0,1,-3.0,1,0,24.0,3.0,True,False,True
176,350,CHARGERS,2018-10-14,0,BROWNS,6.0,6.0,1.0,38.0,14.0,1.0,7.7414,4.4028,1.0,0.5269444444444445,5.0,1.0,72.0,53.0,0.0,4.0,2.0,1,1.0,0,1,24.0,1.0,False,True,True
177,349,RAVENS,2018-10-14,0,TITANS,6.0,6.0,1.0,21.0,0.0,0.0,5.0139,2.65,1.0,0.6261111111111112,3.0,0.0,70.0,35.0,0.0,4.0,2.0,1,-2.5,1,0,21.0,2.5,True,False,True
178,354,GIANTS,2018-10-11,1,EAGLES,6.0,6.0,0.0,13.0,34.0,4.0,6.2656,5.5735,1.0,0.45833333333333337,1.0,2.0,61.0,25.0,1.0,1.0,5.0,0,2.0,0,1,-21.0,2.0,False,False,False
179,347,RAIDERS,2018-10-14,1,SEAHAWKS,6.0,6.0,0.0,3.0,27.0,6.0,3.3036,6.0492,2.0,0.4761111111111111,0.0,1.0,38.0,64.0,1.0,1.0,5.0,0,3.0,0,1,-24.0,3.0,False,False,False
180,343,PATRIOTS,2018-10-14,1,CHIEFS,6.0,6.0,1.0,43.0,40.0,2.0,6.6667,8.4151,1.0,0.6024999999999999,4.0,5.0,0.0,58.0,0.0,4.0,2.0,0,-4.0,1,0,3.0,4.0,False,False,False
181,348,RAMS,2018-10-14,0,BRONCOS,6.0,6.0,1.0,23.0,20.0,5.0,6.1667,5.95,1.0,0.5861111111111111,2.0,3.0,81.0,61.0,0.0,6.0,0.0,1,-7.0,1,0,3.0,7.0,False,False,False
182,344,JETS,2018-10-14,1,COLTS,6.0,6.0,1.0,42.0,34.0,2.0,5.5,6.4848,2.0,0.6172222222222222,3.0,7.0,49.0,66.0,0.0,3.0,3.0,0,-2.5,1,0,8.0,2.5,True,False,True
183,337,BRONCOS,2018-10-14,1,RAMS,6.0,6.0,0.0,20.0,23.0,2.0,5.95,6.1667,1.0,0.4138888888888889,2.0,2.0,61.0,81.0,1.0,2.0,4.0,0,7.0,0,1,-3.0,7.0,False,False,False
184,345,TITANS,2018-10-14,1,RAVENS,6.0,6.0,0.0,0.0,21.0,11.0,2.65,5.0139,0.0,0.3738888888888889,0.0,0.0,35.0,70.0,1.0,3.0,3.0,0,2.5,0,1,-21.0,2.5,False,False,False
185,346,STEELERS,2018-10-14,0,BENGALS,6.0,6.0,1.0,28.0,21.0,0.0,7.1791,4.7414,0.0,0.5822222222222222,3.0,2.0,69.0,30.0,0.0,3.0,3.0,1,1.5,0,1,7.0,1.5,False,True,True
186,299,GIANTS,2018-10-22,0,FALCONS,7.0,7.0,0.0,20.0,23.0,4.0,6.9839,6.8226,0.0,0.46194444444444444,2.0,2.0,58.0,29.0,1.0,1.0,6.0,1,4.0,0,1,-3.0,4.0,False,False,False
187,300,BILLS,2018-10-21,0,COLTS,7.0,7.0,0.0,5.0,37.0,2.0,5.5091,6.2667,5.0,0.44472222222222224,0.0,1.0,59.0,35.0,1.0,2.0,5.0,1,7.0,0,1,-32.0,7.0,False,False,False
188,301,PANTHERS,2018-10-21,0,EAGLES,7.0,6.0,1.0,21.0,17.0,2.0,6.3966,5.2615,0.0,0.41194444444444445,3.0,0.0,78.0,35.0,0.0,4.0,2.0,1,5.0,0,1,4.0,5.0,False,False,False
189,303,BENGALS,2018-10-21,0,CHIEFS,7.0,7.0,0.0,10.0,45.0,2.0,4.4259,7.8714,1.0,0.4380555555555556,1.0,1.0,58.0,49.0,1.0,4.0,3.0,1,6.5,0,1,-35.0,6.5,False,False,False
190,304,BROWNS,2018-10-21,0,BUCCANEERS,7.0,7.0,0.0,23.0,26.0,5.0,4.9194,5.1818,1.0,0.5075,3.0,0.0,114.0,65.0,1.0,2.0,5.0,1,3.5,0,1,-3.0,3.5,False,False,False
191,305,COLTS,2018-10-21,1,BILLS,7.0,7.0,1.0,37.0,5.0,0.0,6.2667,5.5091,0.0,0.5552777777777779,5.0,1.0,35.0,59.0,0.0,2.0,5.0,0,-7.0,1,0,32.0,7.0,True,False,True
192,306,COWBOYS,2018-10-21,0,REDSKINS,7.0,7.0,0.0,17.0,20.0,4.0,5.2951,5.2586,2.0,0.4847222222222222,2.0,1.0,65.0,35.0,1.0,3.0,4.0,1,-2.0,1,0,-3.0,2.0,False,False,False
193,307,LIONS,2018-10-21,0,DOLPHINS,7.0,6.0,1.0,32.0,21.0,1.0,7.8793,5.963,0.0,0.5608333333333334,3.0,4.0,43.0,50.0,0.0,3.0,3.0,1,-3.0,1,0,11.0,3.0,True,False,True
194,298,FALCONS,2018-10-22,1,GIANTS,7.0,7.0,1.0,23.0,20.0,3.0,6.8226,6.9839,1.0,0.5380555555555555,2.0,3.0,29.0,58.0,0.0,3.0,4.0,0,-4.0,1,0,3.0,4.0,False,False,False
195,309,JAGUARS,2018-10-21,1,TEXANS,7.0,7.0,0.0,7.0,20.0,4.0,3.8088,4.3871,3.0,0.5069444444444444,1.0,0.0,15.0,35.0,1.0,3.0,4.0,0,-3.5,1,0,-13.0,3.5,False,False,False
196,310,CHIEFS,2018-10-21,1,BENGALS,7.0,7.0,1.0,45.0,10.0,2.0,7.8714,4.4259,1.0,0.5619444444444445,6.0,1.0,49.0,58.0,0.0,6.0,1.0,0,-6.5,1,0,35.0,6.5,True,False,True
197,311,DOLPHINS,2018-10-21,1,LIONS,7.0,7.0,0.0,21.0,32.0,4.0,5.963,7.8793,0.0,0.4391666666666667,3.0,0.0,50.0,43.0,1.0,4.0,3.0,0,3.0,0,1,-11.0,3.0,False,False,False
198,302,BEARS,2018-10-21,1,PATRIOTS,7.0,6.0,0.0,31.0,38.0,2.0,5.8831,5.9531,2.0,0.5025,4.0,1.0,40.0,64.0,1.0,3.0,3.0,0,2.0,0,1,-7.0,2.0,False,False,False
199,308,TEXANS,2018-10-21,0,JAGUARS,7.0,7.0,1.0,20.0,7.0,1.0,4.3871,3.8088,0.0,0.4930555555555556,2.0,2.0,35.0,15.0,0.0,4.0,3.0,1,3.5,0,1,13.0,3.5,False,True,True
200,314,PATRIOTS,2018-10-21,0,BEARS,7.0,7.0,1.0,38.0,31.0,1.0,5.9531,5.8831,3.0,0.4975,5.0,1.0,64.0,40.0,0.0,5.0,2.0,1,-2.0,1,0,7.0,2.0,True,False,True
201,313,SAINTS,2018-10-21,0,RAVENS,7.0,6.0,1.0,24.0,23.0,1.0,4.8429,5.4844,1.0,0.5586111111111112,3.0,1.0,52.0,54.0,0.0,5.0,1.0,1,2.5,0,1,1.0,2.5,False,False,False
202,325,BRONCOS,2018-10-18,0,CARDINALS,7.0,7.0,1.0,45.0,10.0,2.0,5.6182,3.3788,1.0,0.5136111111111111,6.0,1.0,50.0,45.0,0.0,3.0,4.0,1,-1.0,1,0,35.0,1.0,True,False,True
203,324,CARDINALS,2018-10-18,1,BRONCOS,7.0,7.0,0.0,10.0,45.0,6.0,3.3788,5.6182,5.0,0.48638888888888887,1.0,1.0,45.0,50.0,1.0,1.0,6.0,0,1.0,0,1,-35.0,1.0,False,False,False
204,323,REDSKINS,2018-10-21,1,COWBOYS,7.0,6.0,1.0,20.0,17.0,1.0,5.2586,5.2951,0.0,0.5152777777777777,2.0,2.0,35.0,65.0,0.0,4.0,2.0,0,2.0,0,1,3.0,2.0,False,True,True
205,322,BUCCANEERS,2018-10-21,1,BROWNS,7.0,6.0,1.0,26.0,23.0,4.0,5.1818,4.9194,4.0,0.6286111111111111,3.0,2.0,65.0,114.0,0.0,3.0,3.0,0,-3.5,1,0,3.0,3.5,False,False,False
206,321,49ERS,2018-10-21,1,RAMS,7.0,7.0,0.0,10.0,39.0,7.0,3.931,5.5574,4.0,0.4525,1.0,1.0,10.0,10.0,1.0,1.0,6.0,0,9.0,0,1,-29.0,9.0,False,False,False
207,312,VIKINGS,2018-10-21,0,JETS,7.0,7.0,1.0,37.0,17.0,1.0,4.8615,3.8116,0.0,0.5363888888888889,4.0,3.0,55.0,71.0,0.0,4.0,3.0,1,-3.5,1,0,20.0,3.5,True,False,True
208,319,RAVENS,2018-10-21,1,SAINTS,7.0,7.0,0.0,23.0,24.0,1.0,5.4844,4.8429,0.0,0.4413888888888889,3.0,1.0,54.0,52.0,1.0,4.0,3.0,0,-2.5,1,0,-1.0,2.5,False,False,False
209,320,CHARGERS,2018-10-21,1,TITANS,7.0,7.0,1.0,20.0,19.0,2.0,7.8182,5.8209,0.0,0.4102777777777778,2.0,2.0,31.0,32.0,0.0,5.0,2.0,0,-6.5,1,0,1.0,6.5,False,False,False
210,316,TITANS,2018-10-21,0,CHARGERS,7.0,7.0,0.0,19.0,20.0,2.0,5.8209,7.8182,1.0,0.5897222222222223,2.0,2.0,32.0,31.0,1.0,3.0,4.0,1,6.5,0,1,-1.0,6.5,False,False,False
211,315,JETS,2018-10-21,1,VIKINGS,7.0,7.0,0.0,17.0,37.0,3.0,3.8116,4.8615,4.0,0.46361111111111114,2.0,1.0,71.0,55.0,1.0,3.0,4.0,0,3.5,0,1,-20.0,3.5,False,False,False
212,318,RAMS,2018-10-21,0,49ERS,7.0,7.0,1.0,39.0,10.0,1.0,5.5574,3.931,0.0,0.5475,4.0,3.0,10.0,10.0,0.0,7.0,0.0,1,-9.0,1,0,29.0,9.0,True,False,True
213,317,EAGLES,2018-10-21,1,PANTHERS,7.0,7.0,0.0,17.0,21.0,4.0,5.2615,6.3966,1.0,0.5880555555555556,2.0,1.0,35.0,78.0,1.0,3.0,4.0,0,-5.0,1,0,-4.0,5.0,False,False,False
214,270,BILLS,2018-10-29,1,PATRIOTS,8.0,8.0,0.0,6.0,25.0,3.0,5.2857,5.375,2.0,0.46944444444444444,0.0,2.0,51.0,33.0,1.0,2.0,6.0,0,13.5,0,1,-19.0,13.5,False,False,False
215,271,PATRIOTS,2018-10-29,0,BILLS,8.0,8.0,1.0,25.0,6.0,2.0,5.375,5.2857,0.0,0.5305555555555556,2.0,4.0,33.0,51.0,0.0,6.0,2.0,1,-13.5,1,0,19.0,13.5,True,False,True
216,272,PANTHERS,2018-10-28,1,RAVENS,8.0,7.0,1.0,36.0,21.0,0.0,6.127,5.0781,0.0,0.5669444444444445,4.0,3.0,30.0,68.0,0.0,5.0,2.0,0,3.0,0,1,15.0,3.0,False,True,True
217,273,BEARS,2018-10-28,1,JETS,8.0,7.0,1.0,24.0,10.0,2.0,6.0769,3.8333,0.0,0.5455555555555556,3.0,1.0,25.0,45.0,0.0,4.0,3.0,0,-8.5,1,0,14.0,8.5,True,False,True
218,282,CHIEFS,2018-10-28,1,BRONCOS,8.0,8.0,1.0,30.0,23.0,2.0,6.2963,5.9565,1.0,0.4552777777777778,4.0,1.0,50.0,83.0,0.0,7.0,1.0,0,-9.0,1,0,7.0,9.0,False,False,False
219,275,BROWNS,2018-10-28,0,STEELERS,8.0,8.0,0.0,18.0,33.0,2.0,4.0169,6.1912,1.0,0.4633333333333333,2.0,2.0,52.0,60.0,1.0,2.0,6.0,1,8.5,0,1,-15.0,8.5,False,False,False
220,276,COLTS,2018-10-28,0,RAIDERS,8.0,8.0,1.0,42.0,28.0,0.0,6.493,7.383,0.0,0.6083333333333333,5.0,2.0,77.0,79.0,0.0,3.0,5.0,1,-3.5,1,0,14.0,3.5,True,False,True
221,277,CARDINALS,2018-10-28,1,49ERS,8.0,8.0,1.0,18.0,15.0,3.0,5.0156,4.2381,2.0,0.4613888888888889,2.0,1.0,62.0,59.0,0.0,2.0,6.0,0,3.0,0,1,3.0,3.0,False,False,False
222,278,BRONCOS,2018-10-28,0,CHIEFS,8.0,8.0,0.0,23.0,30.0,5.0,5.9565,6.2963,2.0,0.5447222222222222,3.0,1.0,83.0,50.0,1.0,3.0,5.0,1,9.0,0,1,-7.0,9.0,False,False,False
223,280,PACKERS,2018-10-28,0,RAMS,8.0,7.0,0.0,27.0,29.0,3.0,6.9038,5.5467,1.0,0.4305555555555556,3.0,2.0,10.0,15.0,1.0,3.0,4.0,1,7.5,0,1,-2.0,7.5,False,False,False
224,281,JAGUARS,2018-10-28,1,EAGLES,8.0,8.0,0.0,18.0,24.0,4.0,5.4032,6.371,1.0,0.45611111111111113,1.0,4.0,45.0,36.0,1.0,3.0,5.0,0,4.0,0,1,-6.0,4.0,False,False,False
225,274,BENGALS,2018-10-28,1,BUCCANEERS,8.0,8.0,1.0,37.0,34.0,2.0,6.381,6.9398,0.0,0.4002777777777778,5.0,1.0,46.0,75.0,0.0,5.0,3.0,0,-3.5,1,0,3.0,3.5,False,False,False
226,279,LIONS,2018-10-28,1,SEAHAWKS,8.0,7.0,0.0,14.0,28.0,3.0,5.9107,6.7705,3.0,0.41805555555555557,2.0,0.0,32.0,111.0,1.0,3.0,4.0,0,-3.0,1,0,-14.0,3.0,False,False,False
227,285,GIANTS,2018-10-28,1,REDSKINS,8.0,8.0,0.0,13.0,20.0,7.0,4.4559,5.5385,2.0,0.43944444444444447,1.0,2.0,102.0,90.0,1.0,1.0,7.0,0,1.0,0,1,-7.0,1.0,False,False,False
228,284,SAINTS,2018-10-28,0,VIKINGS,8.0,7.0,1.0,30.0,20.0,0.0,5.0943,6.3134,1.0,0.47694444444444445,3.0,3.0,64.0,54.0,0.0,6.0,1.0,1,-2.5,1,0,10.0,2.5,True,False,True
229,297,DOLPHINS,2018-10-25,0,TEXANS,8.0,8.0,0.0,23.0,42.0,2.0,5.6923,7.7636,1.0,0.5191666666666667,2.0,3.0,63.0,57.0,1.0,4.0,4.0,1,7.5,0,1,-19.0,7.5,False,False,False
230,296,TEXANS,2018-10-25,1,DOLPHINS,8.0,8.0,1.0,42.0,23.0,0.0,7.7636,5.6923,0.0,0.48083333333333333,6.0,0.0,57.0,63.0,0.0,5.0,3.0,0,-7.5,1,0,19.0,7.5,True,False,True
231,295,REDSKINS,2018-10-28,0,GIANTS,8.0,7.0,1.0,20.0,13.0,0.0,5.5385,4.4559,1.0,0.5605555555555556,2.0,2.0,90.0,102.0,0.0,5.0,2.0,1,-1.0,1,0,7.0,1.0,True,False,True
232,294,BUCCANEERS,2018-10-28,0,BENGALS,8.0,7.0,0.0,34.0,37.0,6.0,6.9398,6.381,4.0,0.5997222222222223,4.0,2.0,75.0,46.0,1.0,3.0,4.0,1,3.5,0,1,-3.0,3.5,False,False,False
233,293,49ERS,2018-10-28,0,CARDINALS,8.0,8.0,0.0,15.0,18.0,4.0,4.2381,5.0156,0.0,0.5386111111111112,1.0,2.0,59.0,62.0,1.0,1.0,7.0,1,-3.0,1,0,-3.0,3.0,False,False,False
234,283,VIKINGS,2018-10-28,1,SAINTS,8.0,8.0,0.0,20.0,30.0,4.0,6.3134,5.0943,2.0,0.5230555555555556,3.0,0.0,54.0,64.0,1.0,4.0,4.0,0,2.5,0,1,-10.0,2.5,False,False,False
235,291,RAVENS,2018-10-28,0,PANTHERS,8.0,8.0,0.0,21.0,36.0,2.0,5.0781,6.127,3.0,0.4330555555555556,3.0,0.0,68.0,30.0,1.0,4.0,4.0,1,-3.0,1,0,-15.0,3.0,False,False,False
236,290,RAMS,2018-10-28,1,PACKERS,8.0,8.0,1.0,29.0,27.0,5.0,5.5467,6.9038,0.0,0.5694444444444444,3.0,2.0,15.0,10.0,0.0,8.0,0.0,0,-7.5,1,0,2.0,7.5,False,False,False
237,289,RAIDERS,2018-10-28,1,COLTS,8.0,7.0,0.0,28.0,42.0,0.0,7.383,6.493,1.0,0.3916666666666667,4.0,0.0,79.0,77.0,1.0,1.0,6.0,0,3.5,0,1,-14.0,3.5,False,False,False
238,288,STEELERS,2018-10-28,1,BROWNS,8.0,7.0,1.0,33.0,18.0,1.0,6.1912,4.0169,2.0,0.5366666666666666,4.0,1.0,60.0,52.0,0.0,4.0,3.0,0,-8.5,1,0,15.0,8.5,True,False,True
239,287,EAGLES,2018-10-28,0,JAGUARS,8.0,8.0,1.0,24.0,18.0,4.0,6.371,5.4032,2.0,0.5438888888888889,3.0,1.0,36.0,45.0,0.0,4.0,4.0,1,-4.0,1,0,6.0,4.0,True,False,True
240,286,JETS,2018-10-28,0,BEARS,8.0,8.0,0.0,10.0,24.0,1.0,3.8333,6.0769,0.0,0.45444444444444443,1.0,1.0,45.0,25.0,1.0,3.0,5.0,1,8.5,0,1,-14.0,8.5,False,False,False
241,292,SEAHAWKS,2018-10-28,0,LIONS,8.0,7.0,1.0,28.0,14.0,2.0,6.7705,5.9107,0.0,0.5819444444444444,4.0,0.0,111.0,32.0,0.0,4.0,3.0,1,3.0,0,1,14.0,3.0,False,True,True
242,257,VIKINGS,2018-11-04,1,LIONS,9.0,9.0,1.0,24.0,9.0,1.0,6.1522,2.9857,2.0,0.3875,3.0,1.0,15.0,66.0,0.0,5.0,4.0,0,-5.0,1,0,15.0,5.0,True,False,True
243,258,SAINTS,2018-11-04,1,RAMS,9.0,8.0,1.0,45.0,35.0,0.0,6.9571,8.1864,1.0,0.5613888888888889,6.0,1.0,20.0,32.0,0.0,7.0,1.0,0,2.0,0,1,10.0,2.0,False,True,True
244,259,PATRIOTS,2018-11-04,1,PACKERS,9.0,9.0,1.0,31.0,17.0,2.0,6.2754,5.3188,0.0,0.45722222222222225,4.0,1.0,30.0,63.0,0.0,7.0,2.0,0,-5.0,1,0,14.0,5.0,True,False,True
245,260,JETS,2018-11-04,0,DOLPHINS,9.0,9.0,0.0,6.0,13.0,4.0,4.4063,3.0545,4.0,0.5261111111111112,0.0,2.0,45.0,55.0,1.0,3.0,6.0,1,3.0,0,1,-7.0,3.0,False,False,False
246,261,STEELERS,2018-11-04,0,RAVENS,9.0,8.0,1.0,23.0,16.0,1.0,5.1974,4.7321,0.0,0.6080555555555556,3.0,1.0,103.0,25.0,0.0,5.0,3.0,1,1.5,0,1,7.0,1.5,False,True,True
247,262,RAMS,2018-11-04,0,SAINTS,9.0,9.0,0.0,35.0,45.0,0.0,8.1864,6.9571,1.0,0.4386111111111111,4.0,2.0,32.0,20.0,1.0,8.0,1.0,1,-2.0,1,0,-10.0,2.0,False,False,False
248,265,SEAHAWKS,2018-11-04,1,CHARGERS,9.0,8.0,0.0,17.0,25.0,4.0,4.7467,7.5,1.0,0.5947222222222223,2.0,1.0,83.0,105.0,1.0,4.0,4.0,0,-1.0,1,0,-8.0,1.0,False,False,False
249,264,CHARGERS,2018-11-04,0,SEAHAWKS,9.0,8.0,1.0,25.0,17.0,2.0,7.5,4.7467,0.0,0.4052777777777778,4.0,0.0,105.0,83.0,0.0,6.0,2.0,1,1.0,0,1,8.0,1.0,False,True,True
250,266,BUCCANEERS,2018-11-04,0,PANTHERS,9.0,8.0,0.0,28.0,42.0,3.0,4.6308,6.8983,2.0,0.48333333333333334,4.0,0.0,49.0,84.0,1.0,3.0,5.0,1,6.0,0,1,-14.0,6.0,False,False,False
251,267,REDSKINS,2018-11-04,1,FALCONS,9.0,8.0,0.0,14.0,38.0,3.0,5.7188,7.6719,1.0,0.45111111111111113,2.0,0.0,147.0,50.0,1.0,5.0,3.0,0,-1.5,1,0,-24.0,1.5,False,False,False
252,268,RAIDERS,2018-11-01,0,49ERS,9.0,8.0,0.0,3.0,34.0,8.0,4.4,7.5,0.0,0.523888888888889,0.0,1.0,40.0,23.0,1.0,1.0,7.0,1,-1.5,1,0,-31.0,1.5,False,False,False
253,256,DOLPHINS,2018-11-04,1,JETS,9.0,9.0,1.0,13.0,6.0,4.0,3.0545,4.4063,0.0,0.4738888888888889,1.0,2.0,55.0,45.0,0.0,5.0,4.0,0,-3.0,1,0,7.0,3.0,True,False,True
254,263,RAVENS,2018-11-04,1,STEELERS,9.0,9.0,0.0,16.0,23.0,2.0,4.7321,5.1974,0.0,0.3919444444444445,1.0,3.0,25.0,103.0,1.0,4.0,5.0,0,-1.5,1,0,-7.0,1.5,False,False,False
255,269,49ERS,2018-11-01,1,RAIDERS,9.0,9.0,1.0,34.0,3.0,0.0,7.5,4.4,0.0,0.4761111111111111,4.0,2.0,23.0,40.0,0.0,2.0,7.0,0,1.5,0,1,31.0,1.5,False,True,True
256,255,CHIEFS,2018-11-04,0,BROWNS,9.0,9.0,1.0,37.0,21.0,2.0,8.6034,5.5429,1.0,0.48583333333333334,5.0,1.0,86.0,20.0,0.0,8.0,1.0,1,-8.5,1,0,16.0,8.5,True,False,True
257,253,PACKERS,2018-11-04,0,PATRIOTS,9.0,8.0,0.0,17.0,31.0,1.0,5.3188,6.2754,1.0,0.5427777777777778,2.0,1.0,63.0,30.0,1.0,3.0,5.0,1,5.0,0,1,-14.0,5.0,False,False,False
258,252,LIONS,2018-11-04,0,VIKINGS,9.0,8.0,0.0,9.0,24.0,10.0,2.9857,6.1522,1.0,0.6124999999999999,0.0,3.0,66.0,15.0,1.0,3.0,5.0,1,5.0,0,1,-15.0,5.0,False,False,False
259,251,BRONCOS,2018-11-04,1,TEXANS,9.0,9.0,0.0,17.0,19.0,2.0,5.4375,4.7541,1.0,0.45972222222222225,2.0,1.0,50.0,60.0,1.0,3.0,6.0,0,-1.0,1,0,-2.0,1.0,False,False,False
260,250,BROWNS,2018-11-04,1,CHIEFS,9.0,9.0,0.0,21.0,37.0,2.0,5.5429,8.6034,1.0,0.5141666666666667,3.0,1.0,20.0,86.0,1.0,2.0,7.0,0,8.5,0,1,-16.0,8.5,False,False,False
261,249,BEARS,2018-11-04,0,BILLS,9.0,8.0,1.0,41.0,9.0,1.0,4.1304,3.2593,1.0,0.4325,5.0,2.0,129.0,163.0,0.0,5.0,3.0,1,-10.0,1,0,32.0,10.0,True,False,True
262,248,PANTHERS,2018-11-04,1,BUCCANEERS,9.0,8.0,1.0,42.0,28.0,2.0,6.8983,4.6308,0.0,0.5166666666666667,6.0,0.0,84.0,49.0,0.0,6.0,2.0,0,-6.0,1,0,14.0,6.0,True,False,True
263,247,BILLS,2018-11-04,1,BEARS,9.0,9.0,0.0,9.0,41.0,4.0,3.2593,4.1304,4.0,0.5675,1.0,1.0,163.0,129.0,1.0,2.0,7.0,0,10.0,0,1,-32.0,10.0,False,False,False
264,246,FALCONS,2018-11-04,0,REDSKINS,9.0,8.0,1.0,38.0,14.0,2.0,7.6719,5.7188,1.0,0.5488888888888889,5.0,1.0,50.0,147.0,0.0,4.0,4.0,1,1.5,0,1,24.0,1.5,False,True,True
265,245,TITANS,2018-11-05,0,COWBOYS,9.0,8.0,1.0,28.0,14.0,4.0,4.9275,5.3036,2.0,0.5738888888888889,4.0,0.0,20.0,52.0,0.0,4.0,4.0,1,5.0,0,1,14.0,5.0,False,True,True
266,244,COWBOYS,2018-11-05,1,TITANS,9.0,8.0,0.0,14.0,28.0,5.0,5.3036,4.9275,2.0,0.4261111111111111,2.0,0.0,52.0,20.0,1.0,3.0,5.0,0,-5.0,1,0,-14.0,5.0,False,False,False
267,254,TEXANS,2018-11-04,0,BRONCOS,9.0,9.0,1.0,19.0,17.0,4.0,4.7541,5.4375,0.0,0.5402777777777777,2.0,2.0,60.0,50.0,0.0,6.0,3.0,1,1.0,0,1,2.0,1.0,False,True,True
268,226,LIONS,2018-11-11,0,BEARS,10.0,9.0,0.0,22.0,34.0,6.0,4.2361,7.5849,3.0,0.5333333333333333,3.0,1.0,41.0,46.0,1.0,3.0,6.0,1,7.0,0,1,-12.0,7.0,False,False,False
269,225,COWBOYS,2018-11-11,0,EAGLES,10.0,9.0,1.0,27.0,20.0,4.0,6.0294,6.7903,0.0,0.5561111111111111,3.0,2.0,37.0,0.0,0.0,4.0,5.0,1,7.5,0,1,7.0,7.5,False,False,False
270,224,CARDINALS,2018-11-11,0,CHIEFS,10.0,9.0,0.0,14.0,26.0,5.0,3.7681,5.8929,2.0,0.5297222222222223,2.0,0.0,30.0,63.0,1.0,2.0,7.0,1,16.0,0,1,-12.0,16.0,False,False,False
271,223,COLTS,2018-11-11,1,JAGUARS,10.0,9.0,1.0,29.0,26.0,0.0,7.0385,5.6849,1.0,0.4138888888888889,4.0,0.0,45.0,61.0,0.0,4.0,5.0,0,-3.0,1,0,3.0,3.0,False,False,False
272,222,BROWNS,2018-11-11,1,FALCONS,10.0,10.0,1.0,28.0,16.0,0.0,8.54,5.2329,1.0,0.47694444444444445,4.0,0.0,38.0,5.0,0.0,3.0,7.0,0,5.5,0,1,12.0,5.5,False,True,True
273,216,GIANTS,2018-11-12,0,49ERS,10.0,9.0,1.0,27.0,23.0,1.0,5.0364,5.5,0.0,0.42944444444444446,3.0,2.0,78.0,97.0,0.0,2.0,7.0,1,3.0,0,1,4.0,3.0,False,True,True
274,220,BEARS,2018-11-11,1,LIONS,10.0,9.0,1.0,34.0,22.0,1.0,7.5849,4.2361,0.0,0.4666666666666667,5.0,0.0,46.0,41.0,0.0,6.0,3.0,0,-7.0,1,0,12.0,7.0,True,False,True
275,219,BILLS,2018-11-11,0,JETS,10.0,10.0,1.0,41.0,10.0,1.0,6.1781,3.6182,0.0,0.6561111111111111,4.0,2.0,30.0,10.0,0.0,3.0,7.0,1,7.0,0,1,31.0,7.0,False,True,True
276,218,FALCONS,2018-11-11,0,BROWNS,10.0,9.0,0.0,16.0,28.0,2.0,5.2329,8.54,2.0,0.5230555555555556,2.0,1.0,5.0,38.0,1.0,4.0,5.0,1,-5.5,1,0,-12.0,5.5,False,False,False
277,217,49ERS,2018-11-12,1,GIANTS,10.0,10.0,0.0,23.0,27.0,0.0,5.5,5.0364,2.0,0.5705555555555556,2.0,3.0,97.0,78.0,1.0,2.0,8.0,0,-3.0,1,0,-4.0,3.0,False,False,False
278,227,PACKERS,2018-11-11,1,DOLPHINS,10.0,9.0,1.0,31.0,12.0,2.0,6.8545,4.4545,1.0,0.46444444444444444,4.0,1.0,45.0,10.0,0.0,4.0,5.0,0,-12.0,1,0,19.0,12.0,True,False,True
279,221,BENGALS,2018-11-11,1,SAINTS,10.0,9.0,0.0,14.0,51.0,4.0,6.6047,6.8784,2.0,0.3372222222222222,2.0,0.0,26.0,5.0,1.0,5.0,4.0,0,6.0,0,1,-37.0,6.0,False,False,False
280,229,CHIEFS,2018-11-11,1,CARDINALS,10.0,10.0,1.0,26.0,14.0,5.0,5.8929,3.7681,0.0,0.4702777777777778,3.0,2.0,63.0,30.0,0.0,9.0,1.0,0,-16.0,1,0,12.0,16.0,False,False,False
281,228,JAGUARS,2018-11-11,0,COLTS,10.0,9.0,0.0,26.0,29.0,0.0,5.6849,7.0385,1.0,0.5861111111111111,3.0,2.0,61.0,45.0,1.0,3.0,6.0,1,3.0,0,1,-3.0,3.0,False,False,False
282,242,PANTHERS,2018-11-08,0,STEELERS,10.0,9.0,0.0,21.0,52.0,5.0,4.3214,7.8793,2.0,0.49027777777777776,3.0,0.0,42.0,24.0,1.0,6.0,3.0,1,3.5,0,1,-31.0,3.5,False,False,False
283,243,STEELERS,2018-11-08,1,PANTHERS,10.0,9.0,1.0,52.0,21.0,1.0,7.8793,4.3214,0.0,0.5097222222222222,7.0,1.0,24.0,42.0,0.0,6.0,3.0,0,-3.5,1,0,31.0,3.5,True,False,True
284,230,DOLPHINS,2018-11-11,0,PACKERS,10.0,10.0,0.0,12.0,31.0,6.0,4.4545,6.8545,2.0,0.5355555555555556,0.0,4.0,10.0,45.0,1.0,5.0,5.0,1,12.0,0,1,-19.0,12.0,False,False,False
285,241,REDSKINS,2018-11-11,0,BUCCANEERS,10.0,9.0,1.0,16.0,3.0,3.0,5.2,7.4776,0.0,0.48,1.0,3.0,52.0,50.0,0.0,6.0,3.0,1,3.5,0,1,13.0,3.5,False,True,True
286,240,BUCCANEERS,2018-11-11,1,REDSKINS,10.0,9.0,0.0,3.0,16.0,2.0,7.4776,5.2,4.0,0.52,0.0,1.0,50.0,52.0,1.0,3.0,6.0,0,-3.5,1,0,-13.0,3.5,False,False,False
287,238,CHARGERS,2018-11-11,0,RAIDERS,10.0,9.0,1.0,20.0,6.0,1.0,6.3208,5.0317,1.0,0.48055555555555557,2.0,2.0,70.0,55.0,0.0,7.0,2.0,1,-10.5,1,0,14.0,10.5,True,False,True
288,237,RAMS,2018-11-11,1,SEAHAWKS,10.0,10.0,1.0,36.0,31.0,2.0,7.125,6.4688,0.0,0.4897222222222222,4.0,3.0,102.0,56.0,0.0,9.0,1.0,0,-9.5,1,0,5.0,9.5,False,False,False
289,239,SEAHAWKS,2018-11-11,0,RAMS,10.0,9.0,0.0,31.0,36.0,4.0,6.4688,7.125,1.0,0.5102777777777778,4.0,1.0,56.0,102.0,1.0,4.0,5.0,1,9.5,0,1,-5.0,9.5,False,False,False
290,235,EAGLES,2018-11-11,1,COWBOYS,10.0,9.0,0.0,20.0,27.0,2.0,6.7903,6.0294,1.0,0.4438888888888889,2.0,2.0,0.0,37.0,1.0,4.0,5.0,0,-7.5,1,0,-7.0,7.5,False,False,False
291,234,TITANS,2018-11-11,1,PATRIOTS,10.0,9.0,1.0,34.0,10.0,2.0,6.1111,4.3692,0.0,0.5491666666666667,4.0,2.0,35.0,31.0,0.0,5.0,4.0,0,6.5,0,1,24.0,6.5,False,True,True
292,233,JETS,2018-11-11,1,BILLS,10.0,10.0,0.0,10.0,41.0,3.0,3.6182,6.1781,2.0,0.34388888888888886,1.0,1.0,10.0,30.0,1.0,3.0,7.0,0,-7.0,1,0,-31.0,7.0,False,False,False
293,232,PATRIOTS,2018-11-11,0,TITANS,10.0,10.0,0.0,10.0,34.0,3.0,4.3692,6.1111,0.0,0.45083333333333336,1.0,1.0,31.0,35.0,1.0,7.0,3.0,1,-6.5,1,0,-24.0,6.5,False,False,False
294,231,SAINTS,2018-11-11,0,BENGALS,10.0,9.0,1.0,51.0,14.0,0.0,6.8784,6.6047,0.0,0.6627777777777778,6.0,3.0,5.0,26.0,0.0,8.0,1.0,1,-6.0,1,0,37.0,6.0,True,False,True
295,236,RAIDERS,2018-11-11,1,CHARGERS,10.0,9.0,0.0,6.0,20.0,4.0,5.0317,6.3208,1.0,0.5194444444444445,0.0,2.0,55.0,70.0,1.0,1.0,8.0,0,10.5,0,1,-14.0,10.5,False,False,False
296,196,COLTS,2018-11-18,1,TITANS,11.0,10.0,1.0,38.0,10.0,0.0,6.6167,4.377,0.0,0.5211111111111112,5.0,1.0,60.0,112.0,0.0,5.0,5.0,0,-1.5,1,0,28.0,1.5,True,False,True
297,199,BRONCOS,2018-11-18,0,CHARGERS,11.0,10.0,1.0,23.0,22.0,0.0,6.25,6.6528,0.0,0.3697222222222222,3.0,1.0,43.0,120.0,0.0,4.0,6.0,1,7.0,0,1,1.0,7.0,False,False,False
298,198,COWBOYS,2018-11-18,0,FALCONS,11.0,10.0,1.0,22.0,19.0,2.0,5.127,6.4364,0.0,0.5325000000000001,2.0,3.0,20.0,15.0,0.0,5.0,5.0,1,3.5,0,1,3.0,3.5,False,False,False
299,197,CARDINALS,2018-11-18,1,RAIDERS,11.0,10.0,0.0,21.0,23.0,1.0,5.4231,4.7794,2.0,0.39972222222222226,3.0,0.0,62.0,20.0,1.0,2.0,8.0,0,-4.5,1,0,-2.0,4.5,False,False,False
300,195,BENGALS,2018-11-18,0,RAVENS,11.0,10.0,0.0,21.0,24.0,1.0,4.7222,5.3733,0.0,0.36416666666666664,3.0,0.0,58.0,31.0,1.0,5.0,5.0,1,6.5,0,1,-3.0,6.5,False,False,False
301,200,LIONS,2018-11-18,1,PANTHERS,11.0,10.0,1.0,20.0,19.0,1.0,4.8281,6.7895,0.0,0.5277777777777778,2.0,2.0,5.0,15.0,0.0,4.0,6.0,0,4.0,0,1,1.0,4.0,False,False,False
302,193,PANTHERS,2018-11-18,0,LIONS,11.0,10.0,0.0,19.0,20.0,3.0,6.7895,4.8281,1.0,0.4722222222222222,3.0,0.0,15.0,5.0,1.0,6.0,4.0,1,-4.0,1,0,-1.0,4.0,False,False,False
303,192,FALCONS,2018-11-18,1,COWBOYS,11.0,10.0,0.0,19.0,22.0,3.0,6.4364,5.127,1.0,0.4675,1.0,4.0,15.0,20.0,1.0,4.0,6.0,0,-3.5,1,0,-3.0,3.5,False,False,False
304,191,RAMS,2018-11-19,1,CHIEFS,11.0,11.0,1.0,54.0,51.0,5.0,6.0667,7.913,2.0,0.5063888888888889,7.0,2.0,60.0,135.0,0.0,10.0,1.0,0,-3.0,1,0,3.0,3.0,False,False,False
305,190,CHIEFS,2018-11-19,0,RAMS,11.0,11.0,0.0,51.0,54.0,3.0,7.913,6.0667,5.0,0.4936111111111111,7.0,1.0,135.0,60.0,1.0,9.0,2.0,1,3.0,0,1,-3.0,3.0,False,False,False
306,194,BEARS,2018-11-18,1,VIKINGS,11.0,10.0,1.0,25.0,20.0,1.0,4.338,4.3226,3.0,0.5747222222222222,2.0,3.0,46.0,50.0,0.0,7.0,3.0,0,-2.5,1,0,5.0,2.5,True,False,True
307,201,TEXANS,2018-11-18,0,REDSKINS,11.0,10.0,1.0,23.0,21.0,3.0,5.5172,3.8082,3.0,0.4841666666666667,2.0,3.0,40.0,43.0,0.0,7.0,3.0,1,-3.0,1,0,2.0,3.0,False,False,False
308,214,PACKERS,2018-11-15,0,SEAHAWKS,11.0,10.0,0.0,24.0,27.0,5.0,7.4792,5.4783,0.0,0.42833333333333334,3.0,1.0,80.0,30.0,1.0,4.0,6.0,1,3.0,0,1,-3.0,3.0,False,False,False
309,203,VIKINGS,2018-11-18,0,BEARS,11.0,10.0,0.0,20.0,25.0,2.0,4.3226,4.338,3.0,0.4252777777777778,2.0,2.0,50.0,46.0,1.0,5.0,5.0,1,2.5,0,1,-5.0,2.5,False,False,False
310,202,JAGUARS,2018-11-18,1,STEELERS,11.0,10.0,0.0,16.0,20.0,6.0,3.6269,5.3833,1.0,0.6277777777777778,1.0,3.0,111.0,15.0,1.0,3.0,7.0,0,4.0,0,1,-4.0,4.0,False,False,False
311,215,SEAHAWKS,2018-11-15,1,PACKERS,11.0,10.0,1.0,27.0,24.0,3.0,5.4783,7.4792,1.0,0.5716666666666667,3.0,2.0,30.0,80.0,0.0,5.0,5.0,0,-3.0,1,0,3.0,3.0,False,False,False
312,213,REDSKINS,2018-11-18,1,TEXANS,11.0,10.0,0.0,21.0,23.0,5.0,3.8082,5.5172,2.0,0.5158333333333334,3.0,0.0,43.0,40.0,1.0,6.0,4.0,0,3.0,0,1,-2.0,3.0,False,False,False
313,211,CHARGERS,2018-11-18,1,BRONCOS,11.0,10.0,0.0,22.0,23.0,3.0,6.6528,6.25,2.0,0.6302777777777778,2.0,3.0,120.0,43.0,1.0,7.0,3.0,0,-7.0,1,0,-1.0,7.0,False,False,False
314,210,RAVENS,2018-11-18,1,BENGALS,11.0,10.0,1.0,24.0,21.0,3.0,5.3733,4.7222,1.0,0.6358333333333333,2.0,3.0,31.0,58.0,0.0,5.0,5.0,0,-6.5,1,0,3.0,6.5,False,False,False
315,212,BUCCANEERS,2018-11-18,0,GIANTS,11.0,10.0,0.0,35.0,38.0,1.0,7.5,6.7736,4.0,0.5352777777777777,4.0,0.0,40.0,60.0,1.0,3.0,7.0,1,3.0,0,1,-3.0,3.0,False,False,False
316,208,STEELERS,2018-11-18,0,JAGUARS,11.0,10.0,1.0,20.0,16.0,2.0,5.3833,3.6269,3.0,0.3722222222222222,3.0,0.0,15.0,111.0,0.0,7.0,3.0,1,-4.0,1,0,4.0,4.0,False,False,False
317,207,EAGLES,2018-11-18,0,SAINTS,11.0,10.0,0.0,7.0,48.0,3.0,4.0833,7.913,3.0,0.3738888888888889,1.0,0.0,49.0,69.0,1.0,4.0,6.0,1,7.0,0,1,-41.0,7.0,False,False,False
318,206,TITANS,2018-11-18,0,COLTS,11.0,10.0,0.0,10.0,38.0,5.0,4.377,6.6167,2.0,0.4788888888888889,1.0,1.0,112.0,60.0,1.0,5.0,5.0,1,1.5,0,1,-28.0,1.5,False,False,False
319,205,GIANTS,2018-11-18,1,BUCCANEERS,11.0,10.0,1.0,38.0,35.0,4.0,6.7736,7.5,0.0,0.46472222222222226,5.0,1.0,60.0,40.0,0.0,3.0,7.0,0,-3.0,1,0,3.0,3.0,False,False,False
320,204,SAINTS,2018-11-18,1,EAGLES,11.0,10.0,1.0,48.0,7.0,0.0,7.913,4.0833,0.0,0.6261111111111112,6.0,2.0,69.0,49.0,0.0,9.0,1.0,0,-7.0,1,0,41.0,7.0,True,False,True
321,209,RAIDERS,2018-11-18,0,CARDINALS,11.0,10.0,1.0,23.0,21.0,4.0,4.7794,5.4231,0.0,0.6002777777777778,2.0,3.0,20.0,62.0,0.0,2.0,8.0,1,4.5,0,1,2.0,4.5,False,False,False
322,167,CARDINALS,2018-11-25,0,CHARGERS,12.0,11.0,0.0,10.0,45.0,2.0,3.3111,6.2727,1.0,0.4116666666666667,1.0,1.0,35.0,30.0,1.0,2.0,9.0,1,14.0,0,1,-35.0,14.0,False,False,False
323,171,DOLPHINS,2018-11-25,0,COLTS,12.0,11.0,0.0,24.0,27.0,1.0,6.1569,7.0,1.0,0.4683333333333333,3.0,1.0,75.0,52.0,1.0,5.0,6.0,1,8.5,0,1,-3.0,8.5,False,False,False
324,170,JAGUARS,2018-11-25,0,BILLS,12.0,11.0,0.0,21.0,24.0,3.0,5.1231,6.0556,2.0,0.545,3.0,0.0,90.0,80.0,1.0,3.0,8.0,1,-3.0,1,0,-3.0,3.0,False,False,False
325,169,PACKERS,2018-11-25,0,VIKINGS,12.0,11.0,0.0,17.0,24.0,4.0,4.9804,6.029,1.0,0.4230555555555556,2.0,1.0,20.0,55.0,1.0,4.0,7.0,1,3.5,0,1,-7.0,3.5,False,False,False
326,168,BRONCOS,2018-11-25,1,STEELERS,12.0,11.0,1.0,24.0,17.0,2.0,5.8113,6.9342,0.0,0.4166666666666667,3.0,1.0,50.0,34.0,0.0,5.0,6.0,0,3.0,0,1,7.0,3.0,False,True,True
327,166,COLTS,2018-11-25,1,DOLPHINS,12.0,11.0,1.0,27.0,24.0,1.0,7.0,6.1569,3.0,0.5316666666666667,3.0,2.0,52.0,75.0,0.0,6.0,5.0,0,-8.5,1,0,3.0,8.5,False,False,False
328,160,TEXANS,2018-11-26,1,TITANS,12.0,11.0,1.0,34.0,17.0,4.0,7.4516,7.0192,0.0,0.49944444444444447,4.0,2.0,53.0,50.0,0.0,8.0,3.0,0,-4.0,1,0,17.0,4.0,True,False,True
329,164,BENGALS,2018-11-25,1,BROWNS,12.0,11.0,0.0,20.0,35.0,1.0,5.5522,5.6066,2.0,0.46555555555555556,3.0,0.0,96.0,61.0,1.0,5.0,6.0,0,-1.0,1,0,-15.0,1.0,False,False,False
330,163,PANTHERS,2018-11-25,1,SEAHAWKS,12.0,11.0,0.0,27.0,30.0,0.0,8.3509,6.5082,1.0,0.49277777777777776,3.0,2.0,30.0,36.0,1.0,6.0,5.0,0,-3.0,1,0,-3.0,3.0,False,False,False
331,162,BILLS,2018-11-25,1,JAGUARS,12.0,11.0,1.0,24.0,21.0,0.0,6.0556,5.1231,0.0,0.455,3.0,1.0,80.0,90.0,0.0,4.0,7.0,0,3.0,0,1,3.0,3.0,False,False,False
332,161,TITANS,2018-11-26,0,TEXANS,12.0,11.0,0.0,17.0,34.0,6.0,7.0192,7.4516,1.0,0.5005555555555555,2.0,1.0,50.0,53.0,1.0,5.0,6.0,1,4.0,0,1,-17.0,4.0,False,False,False
333,172,VIKINGS,2018-11-25,1,PACKERS,12.0,11.0,1.0,24.0,17.0,2.0,6.029,4.9804,0.0,0.5769444444444445,3.0,1.0,55.0,20.0,0.0,6.0,5.0,0,-3.5,1,0,7.0,3.5,True,False,True
334,165,BROWNS,2018-11-25,0,BENGALS,12.0,11.0,1.0,35.0,20.0,0.0,5.6066,5.5522,0.0,0.5344444444444444,5.0,0.0,61.0,96.0,0.0,4.0,7.0,1,1.0,0,1,15.0,1.0,False,True,True
335,173,PATRIOTS,2018-11-25,0,JETS,12.0,11.0,1.0,27.0,13.0,0.0,7.4328,5.4516,0.0,0.5738888888888889,3.0,2.0,105.0,47.0,0.0,8.0,3.0,1,-12.5,1,0,14.0,12.5,True,False,True
336,183,BUCCANEERS,2018-11-25,1,49ERS,12.0,11.0,1.0,27.0,9.0,1.0,5.8857,5.7,0.0,0.5691666666666666,3.0,2.0,70.0,68.0,0.0,4.0,7.0,0,-1.5,1,0,18.0,1.5,True,False,True
337,175,JETS,2018-11-25,1,PATRIOTS,12.0,11.0,0.0,13.0,27.0,2.0,5.4516,7.4328,1.0,0.4261111111111111,1.0,2.0,47.0,105.0,1.0,3.0,8.0,0,12.5,0,1,-14.0,12.5,False,False,False
338,188,SAINTS,2018-11-22,1,FALCONS,12.0,11.0,1.0,31.0,17.0,2.0,5.6727,5.3043,1.0,0.4836111111111111,4.0,1.0,19.0,26.0,0.0,10.0,1.0,0,-12.5,1,0,14.0,12.5,True,False,True
339,187,LIONS,2018-11-22,1,BEARS,12.0,11.0,0.0,16.0,23.0,2.0,5.2031,4.6316,2.0,0.5461111111111111,2.0,1.0,54.0,20.0,1.0,4.0,7.0,0,3.0,0,1,-7.0,3.0,False,False,False
340,186,COWBOYS,2018-11-22,1,REDSKINS,12.0,11.0,1.0,31.0,23.0,4.0,5.8551,5.4262,0.0,0.5563888888888889,4.0,1.0,30.0,25.0,0.0,6.0,5.0,0,-7.0,1,0,8.0,7.0,True,False,True
341,185,BEARS,2018-11-22,0,LIONS,12.0,11.0,1.0,23.0,16.0,4.0,4.6316,5.2031,1.0,0.4538888888888889,3.0,1.0,20.0,54.0,0.0,8.0,3.0,1,-3.0,1,0,7.0,3.0,True,False,True
342,184,FALCONS,2018-11-22,0,SAINTS,12.0,11.0,0.0,17.0,31.0,6.0,5.3043,5.6727,4.0,0.5163888888888889,2.0,1.0,26.0,19.0,1.0,4.0,7.0,1,12.5,0,1,-14.0,12.5,False,False,False
343,189,REDSKINS,2018-11-22,0,COWBOYS,12.0,11.0,0.0,23.0,31.0,3.0,5.4262,5.8551,3.0,0.4436111111111111,3.0,1.0,25.0,30.0,1.0,6.0,5.0,1,7.0,0,1,-8.0,7.0,False,False,False
344,174,GIANTS,2018-11-25,0,EAGLES,12.0,11.0,0.0,22.0,25.0,2.0,7.0526,5.6833,1.0,0.45611111111111113,2.0,3.0,91.0,46.0,1.0,3.0,8.0,1,5.0,0,1,-3.0,5.0,False,False,False
345,181,SEAHAWKS,2018-11-25,0,PANTHERS,12.0,11.0,1.0,30.0,27.0,2.0,6.5082,8.3509,0.0,0.5072222222222222,3.0,3.0,36.0,30.0,0.0,6.0,5.0,1,3.0,0,1,3.0,3.0,False,False,False
346,180,CHARGERS,2018-11-25,1,CARDINALS,12.0,11.0,1.0,45.0,10.0,4.0,6.2727,3.3111,1.0,0.5883333333333334,6.0,1.0,30.0,35.0,0.0,8.0,3.0,0,-14.0,1,0,35.0,14.0,True,False,True
347,179,RAVENS,2018-11-25,1,RAIDERS,12.0,11.0,1.0,34.0,17.0,1.0,6.029,4.4464,2.0,0.57,4.0,2.0,45.0,24.0,0.0,6.0,5.0,0,-13.0,1,0,17.0,13.0,True,False,True
348,178,RAIDERS,2018-11-25,0,RAVENS,12.0,11.0,0.0,17.0,34.0,3.0,4.4464,6.029,1.0,0.43,2.0,1.0,24.0,45.0,1.0,2.0,9.0,1,13.0,0,1,-17.0,13.0,False,False,False
349,177,STEELERS,2018-11-25,0,BRONCOS,12.0,11.0,0.0,17.0,24.0,2.0,6.9342,5.8113,4.0,0.5833333333333334,2.0,1.0,34.0,50.0,1.0,7.0,4.0,1,-3.0,1,0,-7.0,3.0,False,False,False
350,176,EAGLES,2018-11-25,1,GIANTS,12.0,11.0,1.0,25.0,22.0,3.0,5.6833,7.0526,0.0,0.5438888888888889,2.0,3.0,46.0,91.0,0.0,5.0,6.0,0,-5.0,1,0,3.0,5.0,False,False,False
351,182,49ERS,2018-11-25,0,BUCCANEERS,12.0,11.0,0.0,9.0,27.0,4.0,5.7,5.8857,2.0,0.43083333333333335,1.0,1.0,68.0,70.0,1.0,2.0,9.0,1,1.5,0,1,-18.0,1.5,False,False,False
352,141,TEXANS,2018-12-02,1,BROWNS,13.0,12.0,1.0,29.0,13.0,4.0,5.1892,8.2308,0.0,0.6263888888888889,2.0,5.0,77.0,45.0,0.0,9.0,3.0,0,-5.5,1,0,16.0,5.5,True,False,True
353,140,PACKERS,2018-12-02,1,CARDINALS,13.0,12.0,0.0,17.0,20.0,1.0,4.3919,5.5263,0.0,0.5405555555555556,2.0,1.0,43.0,49.0,1.0,4.0,8.0,0,-13.5,1,0,-3.0,13.5,False,False,False
354,139,LIONS,2018-12-02,1,RAMS,13.0,12.0,0.0,16.0,30.0,4.0,4.8438,5.375,2.0,0.528888888888889,1.0,3.0,54.0,105.0,1.0,4.0,8.0,0,10.0,0,1,-14.0,10.0,False,False,False
355,138,BRONCOS,2018-12-02,0,BENGALS,13.0,12.0,1.0,24.0,10.0,2.0,6.3333,4.8906,1.0,0.4777777777777778,3.0,1.0,60.0,100.0,0.0,6.0,6.0,1,-4.0,1,0,14.0,4.0,True,False,True
356,137,CARDINALS,2018-12-02,0,PACKERS,13.0,12.0,1.0,20.0,17.0,2.0,5.5263,4.3919,0.0,0.45944444444444443,2.0,2.0,49.0,43.0,0.0,3.0,9.0,1,13.5,0,1,3.0,13.5,False,False,False
357,136,COLTS,2018-12-02,0,JAGUARS,13.0,12.0,0.0,0.0,6.0,3.0,3.7324,3.9074,2.0,0.5075,0.0,0.0,65.0,74.0,1.0,6.0,6.0,1,-4.5,1,0,-6.0,4.5,False,False,False
358,132,PANTHERS,2018-12-02,0,BUCCANEERS,13.0,12.0,0.0,17.0,24.0,4.0,6.8308,5.339,4.0,0.5016666666666667,2.0,1.0,104.0,69.0,1.0,6.0,6.0,1,-3.5,1,0,-7.0,3.5,False,False,False
359,134,BENGALS,2018-12-02,1,BRONCOS,13.0,12.0,0.0,10.0,24.0,4.0,4.8906,6.3333,3.0,0.5222222222222223,1.0,1.0,100.0,60.0,1.0,5.0,7.0,0,4.0,0,1,-14.0,4.0,False,False,False
360,133,BEARS,2018-12-02,0,GIANTS,13.0,12.0,0.0,27.0,30.0,5.0,4.8831,4.9706,3.0,0.5661111111111111,3.0,2.0,58.0,107.0,1.0,8.0,4.0,1,-3.5,1,0,-3.0,3.5,False,False,False
361,131,BILLS,2018-12-02,0,DOLPHINS,13.0,12.0,0.0,17.0,21.0,2.0,6.2879,3.5,3.0,0.5491666666666667,2.0,1.0,120.0,89.0,1.0,4.0,8.0,1,3.5,0,1,-4.0,3.5,False,False,False
362,130,FALCONS,2018-12-02,1,RAVENS,13.0,12.0,0.0,16.0,26.0,3.0,2.9111,4.7532,1.0,0.33916666666666667,2.0,1.0,82.0,88.0,1.0,4.0,8.0,0,-2.5,1,0,-10.0,2.5,False,False,False
363,129,REDSKINS,2018-12-03,0,EAGLES,13.0,12.0,0.0,13.0,28.0,3.0,5.5952,6.0556,1.0,0.3447222222222222,1.0,2.0,69.0,38.0,1.0,6.0,6.0,1,5.5,0,1,-15.0,5.5,False,False,False
364,142,JAGUARS,2018-12-02,1,COLTS,13.0,12.0,1.0,6.0,0.0,3.0,3.9074,3.7324,1.0,0.4925,0.0,2.0,74.0,65.0,0.0,4.0,8.0,0,4.5,0,1,6.0,4.5,False,True,True
365,135,BROWNS,2018-12-02,0,TEXANS,13.0,12.0,0.0,13.0,29.0,0.0,8.2308,5.1892,4.0,0.37361111111111106,2.0,0.0,45.0,77.0,1.0,4.0,8.0,1,5.5,0,1,-16.0,5.5,False,False,False
366,128,EAGLES,2018-12-03,1,REDSKINS,13.0,12.0,1.0,28.0,13.0,0.0,6.0556,5.5952,1.0,0.6552777777777778,3.0,2.0,38.0,69.0,0.0,6.0,6.0,0,-5.5,1,0,15.0,5.5,True,False,True
367,143,CHIEFS,2018-12-02,0,RAIDERS,13.0,12.0,1.0,40.0,33.0,0.0,6.8971,6.4058,1.0,0.4872222222222222,5.0,2.0,94.0,74.0,0.0,10.0,2.0,1,-14.0,1,0,7.0,14.0,False,False,False
368,145,VIKINGS,2018-12-02,0,PATRIOTS,13.0,12.0,0.0,10.0,24.0,2.0,4.7119,6.6338,2.0,0.4441666666666667,1.0,1.0,55.0,60.0,1.0,6.0,6.0,1,6.0,0,1,-14.0,6.0,False,False,False
369,144,DOLPHINS,2018-12-02,1,BILLS,13.0,12.0,1.0,21.0,17.0,3.0,3.5,6.2879,1.0,0.45083333333333336,3.0,0.0,89.0,120.0,0.0,6.0,6.0,0,-3.5,1,0,4.0,3.5,True,False,True
370,159,SAINTS,2018-11-29,0,COWBOYS,13.0,12.0,0.0,10.0,13.0,2.0,3.5918,4.6667,1.0,0.38527777777777783,1.0,1.0,48.0,80.0,1.0,10.0,2.0,1,-7.5,1,0,-3.0,7.5,False,False,False
371,158,COWBOYS,2018-11-29,1,SAINTS,13.0,12.0,1.0,13.0,10.0,7.0,4.6667,3.5918,2.0,0.6147222222222222,1.0,2.0,80.0,48.0,0.0,7.0,5.0,0,7.5,0,1,3.0,7.5,False,False,False
372,157,BUCCANEERS,2018-12-02,1,PANTHERS,13.0,12.0,1.0,24.0,17.0,4.0,5.339,6.8308,1.0,0.49833333333333335,3.0,1.0,69.0,104.0,0.0,5.0,7.0,0,3.5,0,1,7.0,3.5,False,True,True
373,156,49ERS,2018-12-02,0,SEAHAWKS,13.0,12.0,0.0,16.0,43.0,3.0,6.1081,6.7551,3.0,0.5416666666666666,2.0,1.0,128.0,100.0,1.0,2.0,10.0,1,9.5,0,1,-27.0,9.5,False,False,False
374,154,CHARGERS,2018-12-02,0,STEELERS,13.0,12.0,1.0,33.0,30.0,2.0,6.1833,5.3333,0.0,0.52,4.0,1.0,80.0,59.0,0.0,9.0,3.0,1,3.0,0,1,3.0,3.0,False,False,False
375,153,RAVENS,2018-12-02,0,FALCONS,13.0,12.0,1.0,26.0,16.0,2.0,4.7532,2.9111,1.0,0.6608333333333334,2.0,4.0,88.0,82.0,0.0,7.0,5.0,1,2.5,0,1,10.0,2.5,False,True,True
376,155,SEAHAWKS,2018-12-02,1,49ERS,13.0,12.0,1.0,43.0,16.0,3.0,6.7551,6.1081,0.0,0.45833333333333337,6.0,1.0,100.0,128.0,0.0,7.0,5.0,0,-9.5,1,0,27.0,9.5,True,False,True
377,151,RAIDERS,2018-12-02,1,CHIEFS,13.0,12.0,0.0,33.0,40.0,3.0,6.4058,6.8971,3.0,0.5127777777777778,4.0,2.0,74.0,94.0,1.0,2.0,10.0,0,14.0,0,1,-7.0,14.0,False,False,False
378,150,STEELERS,2018-12-02,1,CHARGERS,13.0,12.0,0.0,30.0,33.0,1.0,5.3333,6.1833,1.0,0.48,4.0,1.0,59.0,80.0,1.0,7.0,5.0,0,-3.0,1,0,-3.0,3.0,False,False,False
379,149,TITANS,2018-12-02,1,JETS,13.0,12.0,1.0,26.0,22.0,3.0,6.7167,4.3077,1.0,0.4438888888888889,3.0,2.0,75.0,96.0,0.0,6.0,6.0,0,-9.5,1,0,4.0,9.5,False,False,False
380,148,JETS,2018-12-02,0,TITANS,13.0,12.0,0.0,22.0,26.0,2.0,4.3077,6.7167,1.0,0.5561111111111111,1.0,5.0,96.0,75.0,1.0,3.0,9.0,1,9.5,0,1,-4.0,9.5,False,False,False
381,147,GIANTS,2018-12-02,1,BEARS,13.0,12.0,1.0,30.0,27.0,3.0,4.9706,4.8831,1.0,0.5536111111111112,3.0,3.0,107.0,58.0,0.0,4.0,8.0,0,3.5,0,1,3.0,3.5,False,False,False
382,146,PATRIOTS,2018-12-02,1,VIKINGS,13.0,12.0,1.0,24.0,10.0,0.0,6.6338,4.7119,1.0,0.5558333333333334,3.0,1.0,60.0,55.0,0.0,9.0,3.0,0,-6.0,1,0,14.0,6.0,True,False,True
383,152,RAMS,2018-12-02,0,LIONS,13.0,12.0,1.0,30.0,16.0,2.0,5.375,4.8438,2.0,0.4711111111111111,3.0,3.0,105.0,54.0,0.0,11.0,1.0,1,-10.0,1,0,14.0,10.0,True,False,True
384,104,COLTS,2018-12-09,0,TEXANS,14.0,13.0,1.0,24.0,21.0,2.0,6.6061,4.6324,1.0,0.4675,3.0,1.0,59.0,35.0,0.0,7.0,6.0,1,4.0,0,1,3.0,4.0,False,False,False
385,108,LIONS,2018-12-09,0,CARDINALS,14.0,13.0,1.0,17.0,3.0,1.0,3.9636,4.2923,1.0,0.4711111111111111,2.0,1.0,68.0,83.0,0.0,5.0,8.0,1,-2.5,1,0,14.0,2.5,True,False,True
386,107,BRONCOS,2018-12-09,0,49ERS,14.0,13.0,0.0,14.0,20.0,2.0,3.8592,5.8939,0.0,0.4886111111111111,2.0,0.0,62.0,87.0,1.0,6.0,7.0,1,-3.0,1,0,-6.0,3.0,False,False,False
387,106,COWBOYS,2018-12-09,1,EAGLES,14.0,13.0,1.0,29.0,23.0,3.0,6.1935,5.3333,3.0,0.7591666666666667,3.0,3.0,110.0,49.0,0.0,8.0,5.0,0,-3.5,1,0,6.0,3.5,True,False,True
388,105,CARDINALS,2018-12-09,1,LIONS,14.0,13.0,0.0,3.0,17.0,3.0,4.2923,3.9636,1.0,0.528888888888889,0.0,1.0,83.0,68.0,1.0,3.0,10.0,0,2.5,0,1,-14.0,2.5,False,False,False
389,103,BROWNS,2018-12-09,1,PANTHERS,14.0,13.0,1.0,26.0,20.0,1.0,7.7333,5.6957,2.0,0.4361111111111111,3.0,2.0,52.0,68.0,0.0,5.0,8.0,0,1.0,0,1,6.0,1.0,False,True,True
390,96,VIKINGS,2018-12-10,0,SEAHAWKS,14.0,13.0,0.0,7.0,21.0,2.0,4.9286,4.2813,1.0,0.4697222222222222,1.0,0.0,51.0,45.0,1.0,6.0,7.0,1,3.0,0,1,-14.0,3.0,False,False,False
391,101,BEARS,2018-12-09,1,RAMS,14.0,13.0,1.0,15.0,6.0,1.0,4.4545,3.5082,3.0,0.6136111111111111,1.0,2.0,45.0,57.0,0.0,9.0,4.0,0,3.0,0,1,9.0,3.0,False,True,True
392,100,PANTHERS,2018-12-09,0,BROWNS,14.0,13.0,0.0,20.0,26.0,1.0,5.6957,7.7333,1.0,0.5638888888888889,2.0,2.0,68.0,52.0,1.0,6.0,7.0,1,-1.0,1,0,-6.0,1.0,False,False,False
393,99,BILLS,2018-12-09,1,JETS,14.0,13.0,0.0,23.0,27.0,3.0,5.1831,4.6792,3.0,0.5630555555555556,2.0,3.0,47.0,93.0,1.0,4.0,9.0,0,-4.5,1,0,-4.0,4.5,False,False,False
394,98,FALCONS,2018-12-09,0,PACKERS,14.0,13.0,0.0,20.0,34.0,2.0,5.0588,4.918,2.0,0.5136111111111111,3.0,0.0,101.0,37.0,1.0,4.0,9.0,1,4.0,0,1,-14.0,4.0,False,False,False
395,97,SEAHAWKS,2018-12-10,1,VIKINGS,14.0,13.0,1.0,21.0,7.0,2.0,4.2813,4.9286,1.0,0.5302777777777778,2.0,2.0,45.0,51.0,0.0,8.0,5.0,0,-3.0,1,0,14.0,3.0,True,False,True
396,109,PACKERS,2018-12-09,1,FALCONS,14.0,13.0,1.0,34.0,20.0,4.0,4.918,5.0588,0.0,0.48638888888888887,4.0,2.0,37.0,101.0,0.0,5.0,8.0,0,-4.0,1,0,14.0,4.0,True,False,True
397,102,BENGALS,2018-12-09,0,CHARGERS,14.0,13.0,0.0,21.0,26.0,3.0,4.7581,5.1429,0.0,0.5438888888888889,2.0,3.0,34.0,38.0,1.0,5.0,8.0,1,16.5,0,1,-5.0,16.5,False,False,False
398,110,TEXANS,2018-12-09,1,COLTS,14.0,13.0,0.0,21.0,24.0,5.0,4.6324,6.6061,0.0,0.5325000000000001,3.0,0.0,35.0,59.0,1.0,9.0,4.0,0,-4.0,1,0,-3.0,4.0,False,False,False
399,126,JAGUARS,2018-12-06,0,TITANS,14.0,13.0,0.0,9.0,30.0,4.0,3.806,7.4737,1.0,0.5111111111111111,1.0,0.0,67.0,30.0,1.0,4.0,9.0,1,5.5,0,1,-21.0,5.5,False,False,False
400,112,DOLPHINS,2018-12-09,1,PATRIOTS,14.0,13.0,1.0,34.0,33.0,5.0,9.1556,5.6133,0.0,0.4127777777777778,5.0,0.0,81.0,30.0,0.0,7.0,6.0,0,9.0,0,1,1.0,9.0,False,False,False
401,127,TITANS,2018-12-06,1,JAGUARS,14.0,13.0,1.0,30.0,9.0,1.0,7.4737,3.806,1.0,0.4888888888888889,4.0,1.0,30.0,67.0,0.0,7.0,6.0,0,-5.5,1,0,21.0,5.5,True,False,True
402,125,REDSKINS,2018-12-09,1,GIANTS,14.0,13.0,0.0,16.0,40.0,5.0,5.0526,6.381,3.0,0.4975,2.0,0.0,135.0,18.0,1.0,6.0,7.0,0,3.0,0,1,-24.0,3.0,False,False,False
403,124,BUCCANEERS,2018-12-09,1,SAINTS,14.0,13.0,0.0,14.0,28.0,4.0,4.2923,4.8065,1.0,0.46861111111111114,2.0,0.0,84.0,51.0,1.0,5.0,8.0,0,9.5,0,1,-14.0,9.5,False,False,False
404,123,49ERS,2018-12-09,1,BRONCOS,14.0,13.0,1.0,20.0,14.0,3.0,5.8939,3.8592,1.0,0.5113888888888889,2.0,2.0,87.0,62.0,0.0,3.0,10.0,0,3.0,0,1,6.0,3.0,False,True,True
405,122,CHARGERS,2018-12-09,1,BENGALS,14.0,13.0,1.0,26.0,21.0,2.0,5.1429,4.7581,0.0,0.45611111111111113,2.0,4.0,38.0,34.0,0.0,10.0,3.0,0,-16.5,1,0,5.0,16.5,False,False,False
406,121,RAVENS,2018-12-09,0,CHIEFS,14.0,13.0,0.0,24.0,27.0,2.0,4.7206,5.3253,1.0,0.5241666666666667,3.0,1.0,112.0,53.0,1.0,7.0,6.0,1,6.5,0,1,-3.0,6.5,False,False,False
407,120,RAMS,2018-12-09,0,BEARS,14.0,13.0,0.0,6.0,15.0,3.0,3.5082,4.4545,4.0,0.3863888888888889,0.0,2.0,57.0,45.0,1.0,11.0,2.0,1,-3.0,1,0,-9.0,3.0,False,False,False
408,111,CHIEFS,2018-12-09,1,RAVENS,14.0,13.0,1.0,27.0,24.0,3.0,5.3253,4.7206,1.0,0.6166666666666667,3.0,2.0,53.0,112.0,0.0,11.0,2.0,0,-6.5,1,0,3.0,6.5,False,False,False
409,118,STEELERS,2018-12-09,0,RAIDERS,14.0,13.0,0.0,21.0,24.0,1.0,5.8621,5.619,1.0,0.45666666666666667,3.0,0.0,14.0,130.0,1.0,7.0,6.0,1,-10.0,1,0,-3.0,10.0,False,False,False
410,117,EAGLES,2018-12-09,0,COWBOYS,14.0,13.0,0.0,23.0,29.0,2.0,5.3333,6.1935,1.0,0.37555555555555553,3.0,1.0,49.0,110.0,1.0,6.0,7.0,1,3.5,0,1,-6.0,3.5,False,False,False
411,116,JETS,2018-12-09,0,BILLS,14.0,13.0,1.0,27.0,23.0,0.0,4.6792,5.1831,2.0,0.43694444444444447,3.0,2.0,93.0,47.0,0.0,4.0,9.0,1,4.5,0,1,4.0,4.5,False,False,False
412,115,GIANTS,2018-12-09,0,REDSKINS,14.0,13.0,1.0,40.0,16.0,2.0,6.381,5.0526,1.0,0.5025,5.0,2.0,18.0,135.0,0.0,5.0,8.0,1,-3.0,1,0,24.0,3.0,True,False,True
413,114,PATRIOTS,2018-12-09,0,DOLPHINS,14.0,13.0,0.0,33.0,34.0,2.0,5.6133,9.1556,0.0,0.5872222222222223,4.0,2.0,30.0,81.0,1.0,9.0,4.0,1,-9.0,1,0,-1.0,9.0,False,False,False
414,113,SAINTS,2018-12-09,0,BUCCANEERS,14.0,13.0,1.0,28.0,14.0,1.0,4.8065,4.2923,2.0,0.5313888888888889,3.0,2.0,51.0,84.0,0.0,11.0,2.0,1,-9.5,1,0,14.0,9.5,True,False,True
415,119,RAIDERS,2018-12-09,1,STEELERS,14.0,13.0,1.0,24.0,21.0,4.0,5.619,5.8621,1.0,0.5433333333333333,3.0,1.0,130.0,14.0,0.0,3.0,10.0,0,10.0,0,1,3.0,10.0,False,False,False
416,76,DOLPHINS,2018-12-16,0,VIKINGS,15.0,14.0,0.0,17.0,41.0,9.0,3.6415,6.6349,0.0,0.4455555555555556,2.0,1.0,49.0,45.0,1.0,7.0,7.0,1,7.5,0,1,-24.0,7.5,False,False,False
417,75,JAGUARS,2018-12-16,1,REDSKINS,15.0,14.0,0.0,13.0,16.0,6.0,3.9184,4.0164,2.0,0.44833333333333336,1.0,2.0,55.0,48.0,1.0,4.0,10.0,0,-7.5,1,0,-3.0,7.5,False,False,False
418,74,PACKERS,2018-12-16,0,BEARS,15.0,14.0,0.0,17.0,24.0,5.0,4.8939,5.7241,1.0,0.4936111111111111,1.0,3.0,48.0,24.0,1.0,5.0,9.0,1,5.5,0,1,-7.0,5.5,False,False,False
419,73,LIONS,2018-12-16,0,BILLS,15.0,14.0,0.0,13.0,14.0,0.0,5.6909,4.875,0.0,0.4816666666666667,2.0,0.0,81.0,20.0,1.0,5.0,9.0,1,2.5,0,1,-1.0,2.5,False,False,False
420,72,COWBOYS,2018-12-16,0,COLTS,15.0,14.0,0.0,0.0,23.0,3.0,4.5625,5.6061,1.0,0.47000000000000003,0.0,0.0,74.0,55.0,1.0,8.0,6.0,1,3.0,0,1,-23.0,3.0,False,False,False
421,71,CARDINALS,2018-12-16,0,FALCONS,15.0,14.0,0.0,14.0,40.0,7.0,3.8923,6.6923,3.0,0.4888888888888889,2.0,0.0,75.0,50.0,1.0,3.0,11.0,1,9.0,0,1,-26.0,9.0,False,False,False
422,67,BILLS,2018-12-16,1,LIONS,15.0,14.0,1.0,14.0,13.0,1.0,4.875,5.6909,0.0,0.5183333333333334,2.0,0.0,20.0,81.0,0.0,5.0,9.0,0,-2.5,1,0,1.0,2.5,False,False,False
423,69,BENGALS,2018-12-16,1,RAIDERS,15.0,14.0,1.0,30.0,16.0,1.0,3.92,5.0339,1.0,0.5552777777777779,3.0,3.0,85.0,90.0,0.0,6.0,8.0,0,-3.0,1,0,14.0,3.0,True,False,True
424,68,BEARS,2018-12-16,1,PACKERS,15.0,14.0,1.0,24.0,17.0,1.0,5.7241,4.8939,1.0,0.5063888888888889,3.0,1.0,24.0,48.0,0.0,10.0,4.0,0,-5.5,1,0,7.0,5.5,True,False,True
425,66,FALCONS,2018-12-16,1,CARDINALS,15.0,14.0,1.0,40.0,14.0,2.0,6.6923,3.8923,0.0,0.5111111111111111,5.0,2.0,50.0,75.0,0.0,5.0,9.0,0,-9.0,1,0,26.0,9.0,True,False,True
426,65,SAINTS,2018-12-17,0,PANTHERS,15.0,14.0,1.0,12.0,9.0,2.0,5.0145,4.3333,2.0,0.5858333333333333,1.0,2.0,80.0,48.0,0.0,12.0,2.0,1,-6.0,1,0,3.0,6.0,False,False,False
427,64,PANTHERS,2018-12-17,1,SAINTS,15.0,14.0,0.0,9.0,12.0,4.0,4.3333,5.0145,2.0,0.4141666666666667,1.0,0.0,48.0,80.0,1.0,6.0,8.0,0,6.0,0,1,-3.0,6.0,False,False,False
428,77,VIKINGS,2018-12-16,1,DOLPHINS,15.0,14.0,1.0,41.0,17.0,2.0,6.6349,3.6415,1.0,0.5544444444444445,5.0,2.0,45.0,49.0,0.0,7.0,7.0,0,-7.5,1,0,24.0,7.5,True,False,True
429,70,COLTS,2018-12-16,1,COWBOYS,15.0,14.0,1.0,23.0,0.0,0.0,5.6061,4.5625,1.0,0.53,2.0,3.0,55.0,74.0,0.0,8.0,6.0,0,-3.0,1,0,23.0,3.0,True,False,True
430,78,PATRIOTS,2018-12-16,0,STEELERS,15.0,14.0,0.0,10.0,17.0,1.0,6.5714,6.1639,1.0,0.48638888888888887,1.0,1.0,106.0,40.0,1.0,9.0,5.0,1,-2.5,1,0,-7.0,2.5,False,False,False
431,79,GIANTS,2018-12-16,1,TITANS,15.0,14.0,0.0,0.0,17.0,3.0,4.127,4.4925,2.0,0.4108333333333334,0.0,0.0,58.0,35.0,1.0,5.0,9.0,0,2.0,0,1,-17.0,2.0,False,False,False
432,80,TITANS,2018-12-16,0,GIANTS,15.0,14.0,1.0,17.0,0.0,1.0,4.4925,4.127,0.0,0.5891666666666667,2.0,1.0,35.0,58.0,0.0,8.0,6.0,1,-2.0,1,0,17.0,2.0,True,False,True
433,94,CHIEFS,2018-12-13,1,CHARGERS,15.0,14.0,0.0,28.0,29.0,2.0,5.5472,6.0746,0.0,0.4455555555555556,4.0,0.0,66.0,50.0,1.0,11.0,3.0,0,-3.5,1,0,-1.0,3.5,False,False,False
434,93,JETS,2018-12-15,1,TEXANS,15.0,14.0,0.0,22.0,29.0,3.0,4.4167,5.6078,1.0,0.5844444444444444,3.0,1.0,60.0,43.0,1.0,4.0,10.0,0,7.0,0,1,-7.0,7.0,False,False,False
435,92,TEXANS,2018-12-15,0,JETS,15.0,14.0,1.0,29.0,22.0,6.0,5.6078,4.4167,0.0,0.41555555555555557,2.0,5.0,43.0,60.0,0.0,10.0,4.0,1,-7.0,1,0,7.0,7.0,False,False,False
436,91,BRONCOS,2018-12-15,1,BROWNS,15.0,14.0,0.0,16.0,17.0,2.0,3.8571,5.0656,2.0,0.545,1.0,3.0,51.0,75.0,1.0,6.0,8.0,0,-1.5,1,0,-1.0,1.5,False,False,False
437,95,CHARGERS,2018-12-13,0,CHIEFS,15.0,14.0,1.0,29.0,28.0,5.0,6.0746,5.5472,2.0,0.5544444444444445,4.0,0.0,50.0,66.0,0.0,11.0,3.0,1,3.5,0,1,1.0,3.5,False,False,False
438,89,REDSKINS,2018-12-16,0,JAGUARS,15.0,14.0,1.0,16.0,13.0,3.0,4.0164,3.9184,0.0,0.5516666666666667,1.0,3.0,48.0,55.0,0.0,7.0,7.0,1,7.5,0,1,3.0,7.5,False,False,False
439,88,BUCCANEERS,2018-12-16,0,RAVENS,15.0,14.0,0.0,12.0,20.0,1.0,5.1277,5.0,1.0,0.38055555555555554,1.0,2.0,58.0,70.0,1.0,5.0,9.0,1,8.5,0,1,-8.0,8.5,False,False,False
440,90,BROWNS,2018-12-15,0,BRONCOS,15.0,14.0,1.0,17.0,16.0,2.0,5.0656,3.8571,2.0,0.455,2.0,1.0,75.0,51.0,0.0,6.0,8.0,1,1.5,0,1,1.0,1.5,False,False,False
441,86,SEAHAWKS,2018-12-16,0,49ERS,15.0,14.0,0.0,23.0,26.0,3.0,5.5797,6.0517,0.0,0.6205555555555556,3.0,1.0,148.0,66.0,1.0,8.0,6.0,1,-4.0,1,0,-3.0,4.0,False,False,False
442,85,RAVENS,2018-12-16,1,BUCCANEERS,15.0,14.0,1.0,20.0,12.0,2.0,5.0,5.1277,2.0,0.6194444444444445,2.0,2.0,70.0,58.0,0.0,8.0,6.0,0,-8.5,1,0,8.0,8.5,False,False,False
443,84,RAMS,2018-12-16,1,EAGLES,15.0,14.0,0.0,23.0,30.0,2.0,5.5,6.2459,3.0,0.47333333333333333,2.0,3.0,50.0,49.0,1.0,11.0,3.0,0,-13.5,1,0,-7.0,13.5,False,False,False
444,83,RAIDERS,2018-12-16,0,BENGALS,15.0,14.0,0.0,16.0,30.0,5.0,5.0339,3.92,2.0,0.44472222222222224,1.0,3.0,90.0,85.0,1.0,3.0,11.0,1,3.0,0,1,-14.0,3.0,False,False,False
445,82,STEELERS,2018-12-16,1,PATRIOTS,15.0,14.0,1.0,17.0,10.0,2.0,6.1639,6.5714,2.0,0.5136111111111111,2.0,1.0,40.0,106.0,0.0,8.0,6.0,0,2.5,0,1,7.0,2.5,False,True,True
446,81,EAGLES,2018-12-16,0,RAMS,15.0,14.0,1.0,30.0,23.0,0.0,6.2459,5.5,1.0,0.5266666666666667,3.0,3.0,49.0,50.0,0.0,7.0,7.0,1,13.5,0,1,7.0,13.5,False,False,False
447,87,49ERS,2018-12-16,1,SEAHAWKS,15.0,14.0,1.0,26.0,23.0,3.0,6.0517,5.5797,1.0,0.49444444444444446,2.0,4.0,66.0,148.0,0.0,4.0,10.0,0,4.0,0,1,3.0,4.0,False,False,False
448,44,PACKERS,2018-12-23,0,JETS,16.0,15.0,1.0,44.0,38.0,4.0,6.8354,6.4912,1.0,0.5719444444444445,5.0,3.0,86.0,172.0,0.0,6.0,9.0,1,-3.0,1,0,6.0,3.0,True,False,True
449,43,LIONS,2018-12-23,1,VIKINGS,16.0,15.0,0.0,9.0,27.0,3.0,3.2319,5.8621,0.0,0.5244444444444445,0.0,3.0,55.0,78.0,1.0,5.0,10.0,0,6.5,0,1,-18.0,6.5,False,False,False
450,42,COWBOYS,2018-12-23,1,BUCCANEERS,16.0,15.0,1.0,27.0,20.0,1.0,4.64,5.1067,0.0,0.4113888888888889,3.0,2.0,67.0,72.0,0.0,9.0,6.0,0,-7.0,1,0,7.0,7.0,False,False,False
451,41,CARDINALS,2018-12-23,1,RAMS,16.0,15.0,0.0,9.0,31.0,4.0,4.9623,6.8806,0.0,0.3822222222222222,1.0,1.0,54.0,66.0,1.0,3.0,12.0,0,14.0,0,1,-22.0,14.0,False,False,False
452,40,COLTS,2018-12-23,1,GIANTS,16.0,15.0,1.0,28.0,27.0,1.0,6.2813,6.3226,1.0,0.47194444444444444,4.0,0.0,29.0,24.0,0.0,9.0,6.0,0,-9.5,1,0,1.0,9.5,False,False,False
453,39,BROWNS,2018-12-23,1,BENGALS,16.0,15.0,1.0,26.0,18.0,0.0,7.4697,4.5435,0.0,0.5919444444444445,3.0,2.0,57.0,15.0,0.0,7.0,8.0,0,-9.5,1,0,8.0,9.5,False,False,False
454,32,BRONCOS,2018-12-24,0,RAIDERS,16.0,15.0,0.0,14.0,27.0,1.0,4.8387,4.7895,2.0,0.49777777777777776,2.0,0.0,91.0,50.0,1.0,6.0,9.0,1,-2.5,1,0,-13.0,2.5,False,False,False
455,37,BEARS,2018-12-23,0,49ERS,16.0,15.0,1.0,14.0,9.0,3.0,5.4167,5.1667,2.0,0.5916666666666667,2.0,0.0,30.0,45.0,0.0,11.0,4.0,1,-3.5,1,0,5.0,3.5,True,False,True
456,36,PANTHERS,2018-12-23,1,FALCONS,16.0,15.0,0.0,10.0,24.0,2.0,5.1905,8.8958,4.0,0.6247222222222223,1.0,1.0,86.0,41.0,1.0,6.0,9.0,0,3.0,0,1,-14.0,3.0,False,False,False
457,35,BILLS,2018-12-23,0,PATRIOTS,16.0,15.0,0.0,12.0,24.0,0.0,4.8983,5.3425,3.0,0.40611111111111114,1.0,2.0,29.0,49.0,1.0,5.0,10.0,1,13.5,0,1,-12.0,13.5,False,False,False
458,34,FALCONS,2018-12-23,0,PANTHERS,16.0,15.0,1.0,24.0,10.0,1.0,8.8958,5.1905,2.0,0.37527777777777777,3.0,1.0,41.0,86.0,0.0,6.0,9.0,1,-3.0,1,0,14.0,3.0,True,False,True
459,33,RAIDERS,2018-12-24,1,BRONCOS,16.0,15.0,1.0,27.0,14.0,1.0,4.7895,4.8387,0.0,0.5022222222222222,3.0,2.0,50.0,91.0,0.0,4.0,11.0,0,2.5,0,1,13.0,2.5,False,True,True
460,45,TEXANS,2018-12-23,0,EAGLES,16.0,15.0,0.0,30.0,32.0,4.0,5.8889,7.1096,1.0,0.4375,4.0,1.0,61.0,105.0,1.0,10.0,5.0,1,2.0,0,1,-2.0,2.0,False,False,False
461,38,BENGALS,2018-12-23,0,BROWNS,16.0,15.0,0.0,18.0,26.0,3.0,4.5435,7.4697,0.0,0.40805555555555556,2.0,1.0,15.0,57.0,1.0,6.0,9.0,1,9.5,0,1,-8.0,9.5,False,False,False
462,46,JAGUARS,2018-12-23,0,DOLPHINS,16.0,15.0,1.0,17.0,7.0,6.0,3.9355,4.2558,1.0,0.5791666666666666,2.0,1.0,97.0,95.0,0.0,5.0,10.0,1,3.0,0,1,10.0,3.0,False,True,True
463,55,STEELERS,2018-12-23,0,SAINTS,16.0,15.0,0.0,28.0,31.0,3.0,6.0423,6.0656,2.0,0.5222222222222223,3.0,2.0,79.0,91.0,1.0,8.0,7.0,1,6.5,0,1,-3.0,6.5,False,False,False
464,48,DOLPHINS,2018-12-23,1,JAGUARS,16.0,15.0,0.0,7.0,17.0,3.0,4.2558,3.9355,2.0,0.42083333333333334,1.0,0.0,95.0,97.0,1.0,7.0,8.0,0,-3.0,1,0,-10.0,3.0,False,False,False
465,63,REDSKINS,2018-12-22,0,TITANS,16.0,15.0,0.0,16.0,25.0,2.0,4.9492,5.2909,2.0,0.5508333333333334,1.0,3.0,49.0,10.0,1.0,7.0,8.0,1,11.0,0,1,-9.0,11.0,False,False,False
466,62,CHARGERS,2018-12-22,1,RAVENS,16.0,15.0,0.0,10.0,22.0,4.0,3.4737,6.0167,3.0,0.4763888888888889,1.0,1.0,69.0,40.0,1.0,11.0,4.0,0,-4.0,1,0,-12.0,4.0,False,False,False
467,61,RAVENS,2018-12-22,0,CHARGERS,16.0,15.0,1.0,22.0,10.0,3.0,6.0167,3.4737,1.0,0.5236111111111111,2.0,3.0,40.0,69.0,0.0,9.0,6.0,1,4.0,0,1,12.0,4.0,False,True,True
468,60,TITANS,2018-12-22,1,REDSKINS,16.0,15.0,1.0,25.0,16.0,3.0,5.2909,4.9492,0.0,0.44916666666666666,3.0,2.0,10.0,49.0,0.0,9.0,6.0,0,-11.0,1,0,9.0,11.0,False,False,False
469,47,CHIEFS,2018-12-23,0,SEAHAWKS,16.0,15.0,0.0,31.0,38.0,1.0,6.9833,6.1867,2.0,0.41611111111111115,3.0,3.0,76.0,20.0,1.0,11.0,4.0,1,-1.0,1,0,-7.0,1.0,False,False,False
470,58,49ERS,2018-12-23,1,BEARS,16.0,15.0,0.0,9.0,14.0,1.0,5.1667,5.4167,1.0,0.4083333333333334,0.0,3.0,45.0,30.0,1.0,4.0,11.0,0,3.5,0,1,-5.0,3.5,False,False,False
471,57,SEAHAWKS,2018-12-23,1,CHIEFS,16.0,15.0,1.0,38.0,31.0,3.0,6.1867,6.9833,0.0,0.5838888888888889,5.0,1.0,20.0,76.0,0.0,9.0,6.0,0,1.0,0,1,7.0,1.0,False,True,True
472,59,BUCCANEERS,2018-12-23,0,COWBOYS,16.0,15.0,0.0,20.0,27.0,3.0,5.1067,4.64,2.0,0.5886111111111112,2.0,2.0,72.0,67.0,1.0,5.0,10.0,1,7.0,0,1,-7.0,7.0,False,False,False
473,54,EAGLES,2018-12-23,1,TEXANS,16.0,15.0,1.0,32.0,30.0,1.0,7.1096,5.8889,3.0,0.5625,4.0,2.0,105.0,61.0,0.0,8.0,7.0,0,-2.0,1,0,2.0,2.0,False,False,False
474,53,JETS,2018-12-23,1,PACKERS,16.0,15.0,0.0,38.0,44.0,2.0,6.4912,6.8354,0.0,0.48833333333333334,5.0,1.0,172.0,86.0,1.0,4.0,11.0,0,3.0,0,1,-6.0,3.0,False,False,False
475,52,GIANTS,2018-12-23,0,COLTS,16.0,15.0,0.0,27.0,28.0,0.0,6.3226,6.2813,1.0,0.5280555555555556,3.0,2.0,24.0,29.0,1.0,5.0,10.0,1,9.5,0,1,-1.0,9.5,False,False,False
476,51,PATRIOTS,2018-12-23,1,BILLS,16.0,15.0,1.0,24.0,12.0,1.0,5.3425,4.8983,3.0,0.5938888888888889,3.0,1.0,49.0,29.0,0.0,10.0,5.0,0,-13.5,1,0,12.0,13.5,False,False,False
477,50,SAINTS,2018-12-23,1,STEELERS,16.0,15.0,1.0,31.0,28.0,2.0,6.0656,6.0423,1.0,0.4777777777777778,4.0,1.0,91.0,79.0,0.0,13.0,2.0,0,-6.5,1,0,3.0,6.5,False,False,False
478,49,VIKINGS,2018-12-23,0,LIONS,16.0,15.0,1.0,27.0,9.0,2.0,5.8621,3.2319,0.0,0.47555555555555556,3.0,2.0,78.0,55.0,0.0,8.0,7.0,1,-6.5,1,0,18.0,6.5,True,False,True
479,56,RAMS,2018-12-23,0,CARDINALS,16.0,15.0,1.0,31.0,9.0,2.0,6.8806,4.9623,1.0,0.6177777777777778,4.0,1.0,66.0,54.0,0.0,12.0,3.0,1,-14.0,1,0,22.0,14.0,True,False,True
480,13,JAGUARS,2018-12-30,0,TEXANS,17.0,16.0,0.0,3.0,20.0,3.0,2.5319,4.6216,2.0,0.41472222222222227,0.0,1.0,68.0,15.0,1.0,5.0,11.0,1,7.0,0,1,-17.0,7.0,False,False,False
481,12,TEXANS,2018-12-30,1,JAGUARS,17.0,16.0,1.0,20.0,3.0,6.0,4.6216,2.5319,1.0,0.5852777777777778,2.0,2.0,15.0,68.0,0.0,11.0,5.0,0,-7.0,1,0,17.0,7.0,True,False,True
482,11,PACKERS,2018-12-30,1,LIONS,17.0,16.0,0.0,0.0,31.0,3.0,3.125,5.5833,1.0,0.385,0.0,0.0,38.0,34.0,1.0,6.0,10.0,0,-7.5,1,0,-31.0,7.5,False,False,False
483,10,LIONS,2018-12-30,0,PACKERS,17.0,16.0,1.0,31.0,0.0,1.0,5.5833,3.125,0.0,0.615,4.0,1.0,34.0,38.0,0.0,6.0,10.0,1,7.5,0,1,31.0,7.5,False,True,True
484,9,BRONCOS,2018-12-30,1,CHARGERS,17.0,16.0,0.0,9.0,23.0,1.0,5.0,5.0182,4.0,0.53,1.0,1.0,99.0,51.0,1.0,6.0,10.0,0,7.0,0,1,-14.0,7.0,False,False,False
485,8,COWBOYS,2018-12-30,0,GIANTS,17.0,16.0,1.0,36.0,35.0,4.0,5.9857,6.5821,1.0,0.5144444444444445,5.0,0.0,46.0,78.0,0.0,10.0,6.0,1,7.0,0,1,1.0,7.0,False,False,False
486,1,BILLS,2018-12-30,1,DOLPHINS,17.0,16.0,1.0,42.0,17.0,1.0,6.35,3.6885,1.0,0.505,6.0,0.0,24.0,35.0,0.0,6.0,10.0,0,-5.5,1,0,25.0,5.5,True,False,True
487,6,COLTS,2018-12-30,0,TITANS,17.0,16.0,1.0,33.0,17.0,1.0,6.0556,5.7333,2.0,0.6702777777777778,4.0,2.0,96.0,75.0,0.0,10.0,6.0,1,-5.0,1,0,16.0,5.0,True,False,True
488,5,BROWNS,2018-12-30,0,RAVENS,17.0,16.0,0.0,24.0,26.0,0.0,7.6071,6.3425,3.0,0.35833333333333334,3.0,1.0,35.0,65.0,1.0,7.0,9.0,1,7.0,0,1,-2.0,7.0,False,False,False
489,4,BENGALS,2018-12-30,0,STEELERS,17.0,16.0,0.0,13.0,16.0,4.0,4.2609,5.197,0.0,0.4272222222222222,1.0,2.0,85.0,70.0,1.0,6.0,10.0,1,13.5,0,1,-3.0,13.5,False,False,False
490,3,BEARS,2018-12-30,0,VIKINGS,17.0,16.0,1.0,24.0,10.0,0.0,5.2698,3.1538,0.0,0.6188888888888889,3.0,1.0,102.0,30.0,0.0,12.0,4.0,1,6.0,0,1,14.0,6.0,False,True,True
491,2,PANTHERS,2018-12-30,0,SAINTS,17.0,16.0,1.0,33.0,14.0,1.0,5.5,5.7647,0.0,0.5572222222222223,4.0,2.0,10.0,94.0,0.0,7.0,9.0,1,8.0,0,1,19.0,8.0,False,True,True
492,14,CHIEFS,2018-12-30,1,RAIDERS,17.0,16.0,1.0,35.0,3.0,0.0,7.5741,4.4923,1.0,0.43444444444444447,5.0,0.0,50.0,22.0,0.0,12.0,4.0,0,-14.0,1,0,32.0,14.0,True,False,True
493,7,CARDINALS,2018-12-30,0,SEAHAWKS,17.0,16.0,0.0,24.0,27.0,6.0,3.0938,4.7705,2.0,0.5141666666666667,2.0,3.0,20.0,10.0,1.0,3.0,13.0,1,15.0,0,1,-3.0,15.0,False,False,False
494,15,DOLPHINS,2018-12-30,0,BILLS,17.0,16.0,0.0,17.0,42.0,4.0,3.6885,6.35,4.0,0.495,2.0,1.0,35.0,24.0,1.0,7.0,9.0,1,5.5,0,1,-25.0,5.5,False,False,False
495,23,STEELERS,2018-12-30,1,BENGALS,17.0,16.0,1.0,16.0,13.0,1.0,5.197,4.2609,1.0,0.5727777777777777,1.0,3.0,70.0,85.0,0.0,9.0,7.0,0,-13.5,1,0,3.0,13.5,False,False,False
496,17,SAINTS,2018-12-30,1,PANTHERS,17.0,16.0,0.0,14.0,33.0,2.0,5.7647,5.5,1.0,0.44277777777777777,2.0,0.0,94.0,10.0,1.0,13.0,3.0,0,-8.0,1,0,-19.0,8.0,False,False,False
497,18,PATRIOTS,2018-12-30,1,JETS,17.0,16.0,1.0,38.0,3.0,1.0,5.8594,4.3455,0.0,0.5369444444444444,5.0,1.0,30.0,30.0,0.0,11.0,5.0,0,-14.0,1,0,35.0,14.0,True,False,True
498,19,GIANTS,2018-12-30,1,COWBOYS,17.0,16.0,0.0,35.0,36.0,1.0,6.5821,5.9857,2.0,0.4855555555555556,4.0,2.0,78.0,46.0,1.0,5.0,11.0,0,-7.0,1,0,-1.0,7.0,False,False,False
499,20,JETS,2018-12-30,0,PATRIOTS,17.0,16.0,0.0,3.0,38.0,4.0,4.3455,5.8594,3.0,0.46305555555555555,0.0,1.0,30.0,30.0,1.0,4.0,12.0,1,14.0,0,1,-35.0,14.0,False,False,False
500,21,TITANS,2018-12-30,1,COLTS,17.0,16.0,0.0,17.0,33.0,0.0,5.7333,6.0556,3.0,0.3297222222222222,2.0,1.0,75.0,96.0,1.0,9.0,7.0,0,5.0,0,1,-16.0,5.0,False,False,False
501,22,EAGLES,2018-12-30,0,REDSKINS,17.0,16.0,1.0,24.0,0.0,3.0,5.0704,2.0227,1.0,0.7219444444444445,3.0,1.0,25.0,15.0,0.0,9.0,7.0,1,-6.0,1,0,24.0,6.0,True,False,True
502,24,RAIDERS,2018-12-30,0,CHIEFS,17.0,16.0,0.0,3.0,35.0,3.0,4.4923,7.5741,4.0,0.5655555555555556,0.0,1.0,22.0,50.0,1.0,4.0,12.0,1,14.0,0,1,-32.0,14.0,False,False,False
503,25,RAMS,2018-12-30,1,49ERS,17.0,16.0,1.0,48.0,32.0,0.0,5.3099,6.7414,0.0,0.5305555555555556,6.0,2.0,57.0,41.0,0.0,13.0,3.0,0,-11.0,1,0,16.0,11.0,True,False,True
504,26,RAVENS,2018-12-30,1,BROWNS,17.0,16.0,1.0,26.0,24.0,2.0,6.3425,7.6071,1.0,0.6416666666666666,2.0,4.0,65.0,35.0,0.0,10.0,6.0,0,-7.0,1,0,2.0,7.0,False,False,False
505,27,CHARGERS,2018-12-30,0,BRONCOS,17.0,16.0,1.0,23.0,9.0,1.0,5.0182,5.0,4.0,0.47000000000000003,3.0,0.0,51.0,99.0,0.0,12.0,4.0,1,-7.0,1,0,14.0,7.0,True,False,True
506,28,SEAHAWKS,2018-12-30,1,CARDINALS,17.0,16.0,1.0,27.0,24.0,6.0,4.7705,3.0938,1.0,0.48583333333333334,3.0,2.0,10.0,20.0,0.0,10.0,6.0,0,-15.0,1,0,3.0,15.0,False,False,False
507,29,49ERS,2018-12-30,0,RAMS,17.0,16.0,0.0,32.0,48.0,3.0,6.7414,5.3099,4.0,0.46944444444444444,4.0,1.0,41.0,57.0,1.0,4.0,12.0,1,11.0,0,1,-16.0,11.0,False,False,False
508,30,BUCCANEERS,2018-12-30,1,FALCONS,17.0,16.0,0.0,32.0,34.0,1.0,7.7321,6.4342,1.0,0.42055555555555557,4.0,2.0,30.0,85.0,1.0,5.0,11.0,0,2.5,0,1,-2.0,2.5,False,False,False
509,31,REDSKINS,2018-12-30,1,EAGLES,17.0,16.0,0.0,0.0,24.0,4.0,2.0227,5.0704,1.0,0.27805555555555556,0.0,0.0,15.0,25.0,1.0,7.0,9.0,0,6.0,0,1,-24.0,6.0,False,False,False
510,16,VIKINGS,2018-12-30,1,BEARS,17.0,16.0,0.0,10.0,24.0,4.0,3.1538,5.2698,0.0,0.38111111111111107,1.0,1.0,30.0,102.0,1.0,8.0,8.0,0,-6.0,1,0,-14.0,6.0,False,False,False
511,0,FALCONS,2018-12-30,0,BUCCANEERS,17.0,16.0,1.0,34.0,32.0,1.0,6.4342,7.7321,1.0,0.5794444444444444,4.0,2.0,85.0,30.0,0.0,7.0,9.0,1,-2.5,1,0,2.0,2.5,False,False,False
