,Unnamed: 0,Unnamed: 0.1,team,opponent,week,home,away,points_for,points_against,over_under,yards_per_play_offense,yards_allowed_per_defensive_play,total_yards,total_yards_allowed,turnovers_lost,sacks,times_sacked,win?,loss?,covered_spread?,opponent_covered_spread?,game_id,total_wins,total_losses,spread,opponent_spread,favorite,underdog,rushing_attempts,rushing_yards,rushing_yards_per_attempt,time_of_possession,penalty_yards,passing_yards_per_attempt,FGA,FGM
0,0,0,CARDINALS,LIONS,1,1,0,27,27,45.5,4.7195,5.9625,387,477,1,3,5,0,0,1,0,258,0,0,2.5,-2.5,0,1,23.0,112.0,4.87,0.5102777777777778,35.0,5.092592592592593,4.0,4.0
1,1,1,FALCONS,VIKINGS,1,0,1,12,28,47.0,5.1493,5.4898,345,269,3,1,4,0,1,0,1,253,0,1,3.5,-3.5,0,1,17.0,73.0,4.29,0.5036111111111111,78.0,5.913043478260869,0.0,0.0
2,2,2,RAVENS,DOLPHINS,1,0,1,59,10,41.0,8.80821917808219,4.25531914893617,643,200,0,3,1,1,0,1,0,260,1,0,-7.0,7.0,1,0,46.0,265.0,5.76,0.6686111111111109,40.0,14.538461538461537,1.0,1.0
3,3,3,BILLS,JETS,1,0,1,17,16,41.0,5.872999999999998,3.3788,370,223,4,4,1,1,0,1,0,254,1,0,2.5,-2.5,0,1,25.0,128.0,5.12,0.4663888888888889,55.0,6.54054054054054,1.0,1.0
4,4,4,PANTHERS,RAMS,1,1,0,27,30,49.5,5.3594,4.8472,343,349,3,1,3,0,1,0,1,255,0,1,1.5,-1.5,0,1,23.0,127.0,5.52,0.4455555555555556,46.0,5.684210526315789,3.0,2.0
5,5,5,BEARS,PACKERS,1,1,0,3,10,47.0,3.9076923076923102,3.73684210526316,254,213,1,5,5,0,1,0,1,266,0,1,-3.5,3.5,1,0,15.0,46.0,3.07,0.4824999999999999,107.0,4.622222222222222,1.0,1.0
6,6,6,BENGALS,SEAHAWKS,1,0,1,20,21,44.0,6.1286,4.7347,429,232,3,4,5,0,1,1,0,256,0,1,10.0,-10.0,0,1,14.0,34.0,2.43,0.5972222222222222,57.0,7.745098039215686,3.0,2.0
7,7,7,BROWNS,TITANS,1,1,0,13,43,44.0,5.49206349206349,6.053571428571429,346,339,3,4,5,0,1,0,1,262,0,1,-5.5,5.5,1,0,20.0,102.0,5.1,0.5116666666666667,182.0,6.421052631578947,0.0,0.0
8,8,8,COWBOYS,GIANTS,1,1,0,35,17,44.0,7.96774193548387,7.12121212121212,494,470,0,1,0,1,0,1,0,261,1,0,-7.5,7.5,1,0,30.0,89.0,2.97,0.5383333333333333,47.0,12.65625,0.0,0.0
9,9,9,BRONCOS,RAIDERS,1,0,1,16,24,42.5,6.035087719298249,6.611111111111112,344,357,0,0,3,0,1,0,1,252,0,1,-3.0,3.0,1,0,23.0,95.0,4.13,0.4541666666666667,44.0,8.03225806451613,4.0,3.0
10,10,10,LIONS,CARDINALS,1,0,1,27,27,45.5,5.9625,4.71951219512195,477,387,2,5,3,0,0,0,1,258,0,0,-2.5,2.5,1,0,32.0,116.0,3.63,0.4897222222222222,59.0,8.022222222222222,2.0,2.0
11,11,11,PACKERS,BEARS,1,0,1,10,3,47.0,3.7368,3.9077,213,254,0,5,5,1,0,1,0,266,1,0,3.5,-3.5,0,1,22.0,47.0,2.14,0.5175000000000001,71.0,5.533333333333332,1.0,1.0
12,12,12,TEXANS,SAINTS,1,0,1,28,30,52.0,7.0169,7.8462,414,510,1,1,6,0,1,1,0,251,0,1,6.5,-6.5,0,1,23.0,180.0,7.83,0.4963888888888889,69.0,7.8,0.0,0.0
13,13,13,COLTS,CHARGERS,1,0,1,24,30,44.5,6.0645,7.3729,376,435,0,4,2,0,1,0,1,257,0,1,6.0,-6.0,0,1,33.0,203.0,6.15,0.5358333333333333,10.0,6.407407407407407,3.0,1.0
14,14,14,JAGUARS,CHIEFS,1,1,0,26,40,49.0,8.56,8.1833,428,491,2,0,1,0,1,0,1,259,0,1,3.5,-3.5,0,1,16.0,81.0,5.06,0.4791666666666667,71.0,10.515151515151516,2.0,2.0
15,15,15,CHIEFS,JAGUARS,1,0,1,40,26,49.0,8.18333333333333,8.56,491,428,0,1,0,1,0,1,0,259,1,0,-3.5,3.5,1,0,26.0,113.0,4.35,0.5208333333333333,55.0,11.117647058823529,4.0,4.0
16,16,16,CHARGERS,COLTS,1,1,0,30,24,44.5,7.3728813559322,6.06451612903226,435,376,2,2,4,1,0,1,0,257,1,0,-6.0,6.0,1,0,21.0,125.0,5.95,0.4641666666666667,20.0,9.117647058823527,1.0,1.0
17,17,17,RAMS,PANTHERS,1,0,1,30,27,49.5,4.84722222222222,5.359375,349,343,1,3,1,1,0,1,0,255,1,0,-1.5,1.5,1,0,32.0,166.0,5.19,0.5544444444444444,43.0,4.6923076923076925,4.0,3.0
18,18,18,DOLPHINS,RAVENS,1,1,0,10,59,41.0,4.2553,8.8082,200,643,3,1,3,0,1,0,1,260,0,1,7.0,-7.0,0,1,12.0,21.0,1.75,0.3313888888888889,64.0,5.59375,1.0,1.0
19,19,19,VIKINGS,FALCONS,1,1,0,28,12,47.0,5.48979591836735,5.14925373134328,269,345,0,4,1,1,0,1,0,253,1,0,-3.5,3.5,1,0,38.0,172.0,4.53,0.4963888888888889,100.0,9.7,0.0,0.0
20,20,20,SAINTS,TEXANS,1,1,0,30,28,52.0,7.8461538461538485,7.01694915254237,510,414,1,6,1,1,0,0,1,251,1,0,-6.5,6.5,1,0,21.0,148.0,7.05,0.5036111111111111,48.0,8.418604651162791,4.0,3.0
21,21,21,PATRIOTS,STEELERS,1,1,0,33,3,49.0,6.94029850746269,5.04918032786885,465,308,0,1,1,1,0,1,0,263,1,0,-5.5,5.5,1,0,29.0,99.0,3.41,0.5425,55.0,9.891891891891893,4.0,4.0
22,22,22,GIANTS,COWBOYS,1,0,1,17,35,44.0,7.1212,7.9677,470,494,2,0,1,0,1,0,1,261,0,1,7.5,-7.5,0,1,17.0,151.0,8.88,0.4616666666666666,70.0,6.645833333333332,1.0,1.0
23,23,23,JETS,BILLS,1,1,0,16,17,41.0,3.37878787878788,5.87301587301587,223,370,1,1,4,0,1,0,1,254,0,1,-2.5,2.5,1,0,21.0,68.0,3.24,0.533611111111111,67.0,3.7804878048780486,1.0,0.0
24,24,24,RAIDERS,BRONCOS,1,1,0,24,16,42.5,6.6111,6.0351,357,344,0,3,0,1,0,1,0,252,1,0,3.0,-3.0,0,1,28.0,98.0,3.5,0.5458333333333333,62.0,9.961538461538463,1.0,1.0
25,25,25,EAGLES,REDSKINS,1,1,0,32,27,44.0,6.14084507042254,6.862068965517241,436,398,0,1,1,1,0,0,1,265,1,0,-10.5,10.5,1,0,31.0,123.0,3.97,0.5741666666666667,55.0,8.025641025641027,1.0,1.0
26,26,26,STEELERS,PATRIOTS,1,0,1,3,33,49.0,5.0492,6.9403,308,465,1,1,1,0,1,0,1,263,0,1,5.5,-5.5,0,1,13.0,32.0,2.46,0.4575,54.0,5.872340425531916,1.0,1.0
27,27,27,SEAHAWKS,BENGALS,1,1,0,21,20,44.0,4.7346938775510194,6.128571428571429,232,429,1,5,4,1,0,0,1,256,1,0,-10.0,10.0,1,0,25.0,72.0,2.88,0.4027777777777778,55.0,8.0,0.0,0.0
28,28,28,49ERS,BUCCANEERS,1,0,1,31,17,51.0,4.2667,4.5385,256,295,2,3,1,1,0,1,0,264,1,0,1.0,-1.0,0,1,32.0,98.0,3.06,0.5011111111111111,87.0,5.851851851851853,4.0,3.0
29,29,29,BUCCANEERS,49ERS,1,1,0,17,31,51.0,4.53846153846154,4.26666666666667,295,256,4,1,3,0,1,0,1,264,0,1,-1.0,1.0,1,0,26.0,121.0,4.65,0.498888888888889,87.0,4.833333333333333,1.0,1.0
30,30,30,TITANS,BROWNS,1,0,1,43,13,44.0,6.0536,5.4921,339,346,0,5,4,1,0,1,0,262,1,0,5.5,-5.5,0,1,28.0,123.0,4.39,0.4883333333333333,54.0,9.0,2.0,2.0
31,31,31,REDSKINS,EAGLES,1,0,1,27,32,44.0,6.8621,6.1408,398,436,0,1,1,0,1,1,0,265,0,1,10.5,-10.5,0,1,13.0,28.0,2.15,0.4258333333333333,96.0,8.409090909090908,2.0,2.0
32,32,32,CARDINALS,RAVENS,2,0,1,17,23,46.0,6.462999999999999,6.1111,349,440,0,2,3,0,1,1,0,238,0,1,13.0,-13.0,0,1,11.0,20.0,1.82,0.37277777777777776,70.0,8.225,3.0,3.0
33,33,33,FALCONS,EAGLES,2,1,0,24,20,53.0,6.0164,3.9722,367,286,3,3,1,1,0,1,0,236,1,1,1.0,-1.0,0,1,17.0,57.0,3.35,0.4516666666666666,58.0,7.209302325581397,2.0,1.0
34,34,34,RAVENS,CARDINALS,2,1,0,23,17,46.0,6.111111111111112,6.46296296296296,440,349,0,3,2,1,0,0,1,238,2,0,-13.0,13.0,1,0,33.0,182.0,5.52,0.6272222222222222,62.0,6.972972972972973,3.0,3.0
35,35,35,BILLS,GIANTS,2,0,1,28,14,44.5,5.7910447761194,5.60606060606061,388,370,0,1,3,1,0,1,0,245,2,0,-2.0,2.0,1,0,34.0,151.0,4.44,0.5438888888888889,65.0,7.9,0.0,0.0
36,36,36,PANTHERS,BUCCANEERS,2,1,0,14,20,48.0,4.82191780821918,4.89830508474576,352,289,1,3,3,0,1,0,1,250,0,2,-1.5,1.5,1,0,19.0,39.0,2.05,0.43527777777777776,50.0,6.137254901960786,4.0,4.0
37,38,37,BEARS,BRONCOS,2,0,1,16,14,41.0,4.875,4.89473684210526,273,372,0,2,0,1,0,0,1,239,1,1,-2.5,2.5,1,0,29.0,153.0,5.28,0.4502777777777778,65.0,4.4444444444444455,3.0,3.0
38,39,38,BENGALS,49ERS,2,1,0,17,41,46.0,4.86153846153846,8.397058823529411,316,571,1,0,4,0,1,0,1,248,0,2,1.0,-1.0,0,1,19.0,25.0,1.32,0.4613888888888889,60.0,6.928571428571429,2.0,1.0
39,40,39,BROWNS,JETS,2,0,1,23,3,45.5,6.3559322033898304,4.4406779661017,375,262,1,4,3,1,0,1,0,235,1,1,-6.5,6.5,1,0,21.0,70.0,3.33,0.4947222222222222,85.0,8.714285714285714,3.0,3.0
40,41,40,COWBOYS,REDSKINS,2,0,1,31,21,46.5,7.29230769230769,4.63636363636364,474,255,1,1,1,1,0,1,0,249,2,0,-6.0,6.0,1,0,34.0,213.0,6.26,0.5561111111111111,67.0,8.7,1.0,1.0
41,42,41,BRONCOS,BEARS,2,1,0,14,16,41.0,4.8947,4.875,372,273,1,0,2,0,1,1,0,239,0,2,2.5,-2.5,0,1,24.0,90.0,3.75,0.5497222222222222,81.0,5.64,2.0,2.0
42,43,42,LIONS,CHARGERS,2,1,0,13,10,47.0,5.8448,6.8387,339,424,2,1,0,1,0,1,0,240,1,0,1.5,-1.5,0,1,28.0,94.0,3.36,0.4780555555555556,71.0,8.166666666666666,1.0,0.0
43,44,43,PACKERS,VIKINGS,2,1,0,21,16,43.0,4.855072463768121,7.01666666666667,335,421,2,1,2,1,0,1,0,243,2,0,-2.5,2.5,1,0,33.0,144.0,4.36,0.5683333333333334,35.0,5.617647058823528,0.0,0.0
44,45,44,TEXANS,JAGUARS,2,1,0,13,12,43.0,4.17460317460318,4.8448275862069,263,281,0,4,4,1,0,0,1,241,1,1,1.0,-1.0,0,1,30.0,126.0,4.2,0.4997222222222222,47.0,4.724137931034483,2.0,2.0
45,47,45,COLTS,TITANS,2,0,1,19,17,43.5,4.4308,4.3393,288,243,2,4,3,1,0,1,0,237,1,1,3.0,-3.0,0,1,34.0,167.0,4.91,0.5316666666666667,65.0,4.321428571428571,0.0,0.0
46,48,46,JAGUARS,TEXANS,2,0,1,12,13,43.0,4.8448,4.1746,281,263,1,4,4,0,1,1,0,241,0,2,7.5,-7.5,0,1,21.0,103.0,4.9,0.5002777777777778,70.0,5.393939393939394,2.0,2.0
47,50,47,CHIEFS,RAIDERS,2,0,1,28,10,53.5,6.867647058823531,5.11666666666667,467,307,1,3,2,1,0,1,0,246,2,0,-7.0,7.0,1,0,22.0,31.0,1.41,0.5430555555555556,114.0,9.909090909090908,0.0,0.0
48,51,48,CHARGERS,LIONS,2,0,1,10,13,47.0,6.838709677419361,5.8448275862069,424,339,2,0,1,0,1,0,1,240,1,1,-1.5,1.5,1,0,25.0,137.0,5.48,0.5219444444444444,70.0,7.972222222222222,3.0,1.0
49,52,49,RAMS,SAINTS,2,1,0,27,9,52.5,6.2295081967213095,4.28070175438597,380,244,1,2,3,1,0,1,0,244,2,0,-2.0,2.0,1,0,30.0,115.0,3.83,0.5058333333333334,65.0,9.464285714285714,2.0,2.0
50,53,50,DOLPHINS,PATRIOTS,2,1,0,0,43,48.5,3.0164,5.8308,184,379,4,2,7,0,1,0,1,242,0,2,18.0,-18.0,0,1,15.0,42.0,2.8,0.3916666666666667,22.0,3.641025641025641,0.0,0.0
51,54,51,VIKINGS,PACKERS,2,0,1,16,21,43.0,7.0167,4.8551,421,335,4,2,1,0,1,0,1,243,1,1,2.5,-2.5,0,1,27.0,198.0,7.33,0.4316666666666667,100.0,6.96875,2.0,1.0
52,55,52,SAINTS,RAMS,2,0,1,9,27,52.5,4.2807,6.2295,244,380,1,3,2,0,1,0,1,244,1,1,2.0,-2.0,0,1,20.0,57.0,2.85,0.4941666666666666,87.0,5.342857142857143,3.0,3.0
53,56,53,PATRIOTS,DOLPHINS,2,0,1,43,0,48.5,5.830769230769231,3.01639344262295,379,184,1,7,2,1,0,1,0,242,2,0,-18.0,18.0,1,0,35.0,124.0,3.54,0.6083333333333333,54.0,9.107142857142858,2.0,1.0
54,57,54,GIANTS,BILLS,2,1,0,14,28,44.5,5.6061,5.791,370,388,2,3,1,0,1,0,1,245,0,2,2.0,-2.0,0,1,20.0,129.0,6.45,0.4561111111111111,40.0,5.355555555555554,1.0,0.0
55,58,55,JETS,BROWNS,2,1,0,3,23,45.5,4.4407,6.3559,262,375,1,3,4,0,1,0,1,235,0,2,6.5,-6.5,0,1,24.0,93.0,3.88,0.5052777777777778,89.0,5.451612903225807,1.0,1.0
56,59,56,RAIDERS,CHIEFS,2,1,0,10,28,53.5,5.1167,6.8676,307,467,2,2,3,0,1,0,1,246,1,1,7.0,-7.0,0,1,19.0,129.0,6.79,0.4569444444444444,52.0,4.684210526315789,1.0,1.0
57,60,57,EAGLES,FALCONS,2,0,1,20,24,53.0,3.97222222222222,6.01639344262295,286,367,3,1,3,0,1,0,1,236,1,1,-1.0,1.0,1,0,21.0,49.0,2.33,0.5483333333333333,60.0,4.9375,2.0,2.0
58,61,58,STEELERS,SEAHAWKS,2,1,0,26,28,47.0,5.11764705882353,5.90277777777778,261,425,1,4,1,0,1,0,1,247,0,2,-4.0,4.0,1,0,16.0,81.0,5.06,0.4038888888888889,78.0,5.294117647058823,2.0,2.0
59,62,59,SEAHAWKS,STEELERS,2,0,1,28,26,47.0,5.9028,5.1176,425,261,2,1,4,1,0,1,0,247,2,0,4.0,-4.0,0,1,33.0,151.0,4.58,0.5961111111111111,93.0,7.828571428571428,1.0,0.0
60,63,60,49ERS,BENGALS,2,0,1,41,17,46.0,8.3971,4.8615,571,316,1,4,0,1,0,1,0,248,2,0,-1.0,1.0,1,0,42.0,259.0,6.17,0.5386111111111112,75.0,12.0,3.0,2.0
61,64,61,BUCCANEERS,PANTHERS,2,0,1,20,14,48.0,4.8983,4.8219,289,352,0,3,3,1,0,1,0,250,1,1,6.5,-6.5,0,1,31.0,100.0,3.23,0.5647222222222222,66.0,7.56,3.0,2.0
62,66,62,TITANS,COLTS,2,1,0,17,19,43.5,4.33928571428571,4.430769230769231,243,288,0,3,4,0,1,0,1,237,1,1,-3.0,3.0,1,0,24.0,124.0,5.17,0.4683333333333333,75.0,4.25,2.0,1.0
63,67,63,REDSKINS,COWBOYS,2,1,0,21,31,46.5,4.6364,7.2923,255,474,0,1,1,0,1,0,1,249,0,2,6.0,-6.0,0,1,17.0,47.0,2.76,0.4438888888888889,44.0,5.621621621621622,0.0,0.0
64,68,64,CARDINALS,PANTHERS,3,1,0,20,38,46.0,3.3972602739726,7.0,248,413,2,2,8,0,1,0,1,221,0,2,-2.5,2.5,1,0,22.0,121.0,5.5,0.528888888888889,52.0,2.953488372093023,2.0,2.0
65,69,65,FALCONS,COLTS,3,0,1,24,27,48.0,7.3519,6.1129,397,379,1,1,0,0,1,0,1,220,1,2,1.5,-1.5,0,1,20.0,93.0,4.65,0.4769444444444445,128.0,8.941176470588236,1.0,1.0
66,70,66,RAVENS,CHIEFS,3,0,1,28,33,52.0,5.7949,7.9841,452,503,0,1,3,0,1,0,1,233,2,1,5.0,-5.0,0,1,32.0,203.0,6.34,0.5455555555555556,60.0,5.790697674418603,1.0,1.0
67,71,67,BILLS,BENGALS,3,1,0,21,17,43.5,5.6986301369863,5.3684210526315805,416,306,2,2,1,1,0,0,1,222,3,0,-6.5,6.5,1,0,36.0,175.0,4.86,0.615,55.0,6.6944444444444455,3.0,2.0
68,72,68,PANTHERS,CARDINALS,3,0,1,38,20,46.0,7.0,3.3973,413,248,1,8,2,1,0,1,0,221,1,2,2.5,-2.5,0,1,31.0,173.0,5.58,0.4711111111111111,35.0,9.23076923076923,1.0,1.0
69,73,69,BEARS,REDSKINS,3,0,1,31,15,41.0,5.13793103448276,5.23529411764706,298,356,1,4,3,1,0,1,0,219,2,1,-5.0,5.0,1,0,24.0,90.0,3.75,0.5266666666666666,59.0,6.709677419354839,2.0,1.0
70,74,70,BENGALS,BILLS,3,0,1,17,21,43.5,5.3684,5.6986,306,416,4,1,2,0,1,1,0,222,0,3,6.5,-6.5,0,1,19.0,66.0,3.47,0.385,54.0,6.666666666666668,1.0,1.0
71,75,71,BROWNS,RAMS,3,1,0,13,20,48.0,4.2857,5.375,270,344,1,2,3,0,1,0,1,223,1,2,3.5,-3.5,0,1,24.0,95.0,3.96,0.5269444444444445,60.0,4.861111111111111,2.0,2.0
72,76,72,COWBOYS,DOLPHINS,3,1,0,31,6,46.5,7.1044776119403,4.161764705882351,476,283,1,3,1,1,0,1,0,227,3,0,-21.5,21.5,1,0,34.0,235.0,6.91,0.5155555555555555,100.0,7.53125,2.0,1.0
73,77,73,BRONCOS,PACKERS,3,0,1,16,27,42.0,4.2466,6.0,310,312,3,0,6,0,1,0,1,224,0,3,7.5,-7.5,0,1,38.0,149.0,3.92,0.5927777777777778,27.0,5.551724137931035,1.0,1.0
74,78,74,LIONS,EAGLES,3,0,1,27,24,45.0,4.7833,5.4058,287,373,0,3,0,1,0,1,0,225,2,0,4.0,-4.0,0,1,28.0,86.0,3.07,0.4616666666666666,61.0,6.28125,3.0,2.0
75,79,75,PACKERS,BRONCOS,3,1,0,27,16,42.0,6.0,4.24657534246575,312,310,0,6,0,1,0,1,0,224,3,0,-7.5,7.5,1,0,23.0,77.0,3.35,0.40722222222222215,53.0,8.103448275862071,3.0,2.0
76,80,76,TEXANS,CHARGERS,3,0,1,27,20,49.0,6.8364,5.3043,376,366,1,5,2,1,0,1,0,226,2,1,3.5,-3.5,0,1,19.0,39.0,2.05,0.47,65.0,9.911764705882351,1.0,0.0
77,81,77,COLTS,FALCONS,3,1,0,27,24,48.0,6.112903225806449,7.3518518518518485,379,397,0,0,1,1,0,1,0,220,2,1,-1.5,1.5,1,0,24.0,79.0,3.29,0.5230555555555556,39.0,8.108108108108109,2.0,2.0
78,82,78,JAGUARS,TITANS,3,1,0,20,7,38.0,5.84,4.5333,292,340,0,9,0,1,0,1,0,234,1,2,1.5,-1.5,0,1,20.0,88.0,4.4,0.4122222222222223,30.0,6.8,2.0,2.0
79,83,79,CHIEFS,RAVENS,3,1,0,33,28,52.0,7.9841269841269815,5.7948717948718,503,452,0,3,1,1,0,1,0,233,3,0,-5.0,5.0,1,0,25.0,140.0,5.6,0.4544444444444444,31.0,9.81081081081081,2.0,2.0
80,84,80,CHARGERS,TEXANS,3,1,0,20,27,49.0,5.30434782608696,6.83636363636364,366,376,1,2,5,0,1,0,1,226,1,2,-3.5,3.5,1,0,18.0,73.0,4.06,0.53,69.0,6.369565217391305,2.0,2.0
81,85,81,RAMS,BROWNS,3,0,1,20,13,48.0,5.375,4.28571428571429,344,270,3,3,2,1,0,1,0,223,3,0,-3.5,3.5,1,0,24.0,90.0,3.75,0.4730555555555554,49.0,6.684210526315789,3.0,2.0
82,86,82,DOLPHINS,COWBOYS,3,0,1,6,31,46.5,4.1618,7.1045,283,476,1,1,3,0,1,0,1,227,0,3,21.5,-21.5,0,1,24.0,72.0,3.0,0.4844444444444445,35.0,5.146341463414634,3.0,2.0
83,87,83,VIKINGS,RAIDERS,3,1,0,34,14,43.0,6.52542372881356,5.20689655172414,385,302,0,4,0,1,0,1,0,232,2,1,-9.0,9.0,1,0,38.0,211.0,5.55,0.5255555555555556,59.0,8.285714285714286,2.0,2.0
84,88,84,SAINTS,SEAHAWKS,3,0,1,33,27,44.0,5.3,6.7632,265,514,1,0,0,1,0,1,0,228,2,1,5.0,-5.0,0,1,23.0,88.0,3.83,0.4741666666666667,70.0,6.5555555555555545,0.0,0.0
85,89,85,PATRIOTS,JETS,3,1,0,30,14,43.0,5.21917808219178,2.23404255319149,381,105,2,5,1,1,0,0,1,230,3,0,-21.0,21.0,1,0,27.0,68.0,2.52,0.5872222222222222,70.0,6.955555555555557,1.0,1.0
86,90,86,GIANTS,BUCCANEERS,3,0,1,32,31,48.0,6.4,6.8356,384,499,2,4,5,1,0,1,0,229,1,2,5.0,-5.0,0,1,19.0,72.0,3.79,0.44666666666666666,59.0,8.666666666666666,1.0,1.0
87,91,87,JETS,PATRIOTS,3,0,1,14,30,43.0,2.234,5.2192,105,381,1,1,5,0,1,1,0,230,0,3,21.0,-21.0,0,1,20.0,36.0,1.8,0.4127777777777778,67.0,3.136363636363636,0.0,0.0
88,92,88,RAIDERS,VIKINGS,3,0,1,14,34,43.0,5.2069,6.5254,302,385,1,0,4,0,1,0,1,232,1,2,9.0,-9.0,0,1,20.0,88.0,4.4,0.4744444444444445,84.0,6.294117647058822,1.0,0.0
89,93,89,EAGLES,LIONS,3,1,0,24,27,45.0,5.40579710144928,4.7833333333333306,373,287,2,0,3,0,1,0,1,225,1,2,-4.0,4.0,1,0,30.0,127.0,4.23,0.5383333333333333,30.0,6.833333333333332,1.0,1.0
90,94,90,STEELERS,49ERS,3,0,1,20,24,44.5,4.6863,5.9726,239,436,2,1,2,0,1,1,0,231,0,3,6.5,-6.5,0,1,22.0,79.0,3.59,0.3952777777777778,42.0,5.925925925925926,2.0,2.0
91,95,91,SEAHAWKS,SAINTS,3,1,0,27,33,44.0,6.76315789473684,5.3,514,265,1,0,0,0,1,0,1,228,2,1,-5.0,5.0,1,0,26.0,108.0,4.15,0.5258333333333334,53.0,8.12,0.0,0.0
92,96,92,49ERS,STEELERS,3,1,0,24,20,44.5,5.972602739726031,4.68627450980392,436,239,5,2,1,1,0,0,1,231,3,0,-6.5,6.5,1,0,40.0,168.0,4.2,0.6047222222222222,71.0,8.375,1.0,1.0
93,97,93,BUCCANEERS,GIANTS,3,1,0,31,32,48.0,6.835616438356169,6.4,499,384,1,5,4,0,1,0,1,229,1,2,-5.0,5.0,1,0,32.0,144.0,4.5,0.5533333333333333,30.0,9.594594594594595,5.0,4.0
94,98,94,TITANS,JAGUARS,3,0,1,7,20,38.0,4.5333333333333306,5.84,340,292,1,0,9,0,1,0,1,234,1,2,-1.5,1.5,1,0,26.0,91.0,3.5,0.5877777777777777,101.0,6.225,0.0,0.0
95,99,95,REDSKINS,BEARS,3,1,0,15,31,41.0,5.2353,5.1379,356,298,5,3,4,0,1,0,1,219,0,3,5.0,-5.0,0,1,21.0,69.0,3.29,0.4733333333333333,61.0,6.674418604651162,2.0,1.0
96,100,96,CARDINALS,SEAHAWKS,4,1,0,10,27,49.0,5.4407,5.7627,321,340,1,4,4,0,1,0,1,209,0,3,5.5,-5.5,0,1,23.0,115.0,5.0,0.44333333333333336,44.0,6.4375,3.0,1.0
97,101,97,FALCONS,TITANS,4,1,0,10,24,46.0,5.62666666666667,5.98360655737705,422,365,1,0,5,0,1,0,1,214,1,3,-3.0,3.0,1,0,17.0,58.0,3.41,0.5113888888888889,50.0,6.867924528301888,2.0,1.0
98,102,98,RAVENS,BROWNS,4,1,0,25,40,47.0,5.8955223880597005,8.68852459016394,395,530,3,1,4,0,1,0,1,208,2,2,-7.5,7.5,1,0,29.0,173.0,5.97,0.4952777777777778,15.0,6.529411764705883,1.0,1.0
99,103,99,BILLS,PATRIOTS,4,1,0,10,16,41.5,5.2817,3.6129,375,224,4,0,5,0,1,1,0,205,3,1,7.0,-7.0,0,1,22.0,135.0,6.14,0.5444444444444444,76.0,5.454545454545454,2.0,1.0
100,104,100,PANTHERS,TEXANS,4,0,1,16,10,47.5,4.5692,4.2581,297,264,3,6,3,1,0,1,0,206,2,2,5.5,-5.5,0,1,28.0,94.0,3.36,0.5105555555555555,35.0,5.970588235294117,3.0,3.0
101,105,101,BEARS,VIKINGS,4,1,0,16,6,38.0,4.0149,3.8276,269,222,0,6,1,1,0,1,0,207,3,1,-1.0,1.0,1,0,33.0,72.0,2.18,0.5908333333333333,50.0,5.96969696969697,3.0,3.0
102,106,102,BENGALS,STEELERS,4,0,1,3,27,45.5,2.7344,5.8214,175,326,2,0,8,0,1,0,1,204,0,4,3.5,-3.5,0,1,19.0,73.0,3.84,0.5038888888888889,60.0,2.756756756756757,1.0,1.0
103,107,103,BROWNS,RAVENS,4,0,1,40,25,47.0,8.6885,5.8955,530,395,1,4,1,1,0,1,0,208,2,2,7.5,-7.5,0,1,29.0,193.0,6.66,0.5047222222222222,41.0,10.870967741935484,2.0,2.0
104,108,104,COWBOYS,SAINTS,4,0,1,10,12,47.0,4.75925925925926,4.29032258064516,257,266,3,5,1,0,1,0,1,213,3,1,-2.5,2.5,1,0,20.0,45.0,2.25,0.39888888888888896,64.0,6.424242424242424,1.0,1.0
105,109,105,BRONCOS,JAGUARS,4,1,0,24,26,37.0,6.87037037037037,5.98684210526316,371,455,1,5,0,0,1,0,1,211,0,4,-2.5,2.5,1,0,16.0,68.0,4.25,0.3466666666666667,48.0,7.973684210526316,1.0,1.0
106,110,106,LIONS,CHIEFS,4,1,0,30,34,54.5,6.1233,6.5373,447,438,2,0,4,0,1,1,0,210,2,1,7.5,-7.5,0,1,35.0,186.0,5.31,0.5652777777777778,48.0,7.6764705882352935,3.0,3.0
107,111,107,PACKERS,EAGLES,4,1,0,27,34,46.0,6.63513513513513,5.6,491,336,2,0,1,0,1,0,1,218,3,1,-3.5,3.5,1,0,20.0,77.0,3.85,0.5391666666666667,50.0,7.811320754716982,2.0,2.0
108,112,108,TEXANS,PANTHERS,4,1,0,10,16,47.5,4.25806451612903,4.569230769230769,264,297,2,3,6,0,1,0,1,206,2,2,-5.5,5.5,1,0,22.0,136.0,6.18,0.4894444444444445,81.0,3.7647058823529416,2.0,1.0
109,113,109,COLTS,RAIDERS,4,1,0,24,31,46.0,5.01449275362319,5.890625,346,377,2,1,0,0,1,0,1,215,2,2,-6.5,6.5,1,0,23.0,81.0,3.52,0.4386111111111111,35.0,5.7608695652173925,2.0,1.0
110,114,110,JAGUARS,BRONCOS,4,0,1,26,24,37.0,5.9868,6.8704,455,371,0,0,5,1,0,1,0,211,2,2,2.5,-2.5,0,1,38.0,269.0,7.08,0.6533333333333333,104.0,5.636363636363638,4.0,4.0
111,115,111,CHIEFS,LIONS,4,0,1,34,30,54.5,6.53731343283582,6.12328767123288,438,447,3,4,0,1,0,0,1,210,4,0,-7.5,7.5,1,0,25.0,123.0,4.92,0.43472222222222223,51.0,7.5,3.0,2.0
112,116,112,CHARGERS,DOLPHINS,4,0,1,30,10,43.5,6.0,4.95744680851064,390,233,0,5,1,1,0,1,0,212,2,2,-15.0,15.0,1,0,33.0,79.0,2.39,0.6266666666666667,89.0,10.03225806451613,3.0,3.0
113,117,113,RAMS,BUCCANEERS,4,1,0,40,55,48.5,6.395061728395059,6.35616438356164,518,464,4,2,2,0,1,0,1,216,3,1,-9.0,9.0,1,0,11.0,28.0,2.55,0.4566666666666666,106.0,7.205882352941178,2.0,2.0
114,118,114,DOLPHINS,CHARGERS,4,1,0,10,30,43.5,4.9574,6.0,233,390,1,1,5,0,1,0,1,212,0,4,15.0,-15.0,0,1,18.0,72.0,4.0,0.3733333333333333,53.0,6.708333333333332,3.0,1.0
115,119,115,VIKINGS,BEARS,4,0,1,6,16,38.0,3.8275862068965503,4.0149253731343295,222,269,2,1,6,0,1,0,1,207,2,2,1.0,-1.0,0,1,16.0,40.0,2.5,0.4091666666666667,55.0,5.0555555555555545,0.0,0.0
116,120,116,SAINTS,COWBOYS,4,1,0,12,10,47.0,4.2903,4.7593,266,257,1,1,5,1,0,1,0,213,3,1,2.5,-2.5,0,1,27.0,117.0,4.33,0.6011111111111109,80.0,4.966666666666667,4.0,4.0
117,121,117,PATRIOTS,BILLS,4,0,1,16,10,41.5,3.61290322580645,5.28169014084507,224,375,1,5,0,1,0,0,1,205,4,0,-7.0,7.0,1,0,23.0,74.0,3.22,0.4555555555555556,58.0,3.8461538461538463,1.0,1.0
118,122,118,GIANTS,REDSKINS,4,1,0,24,3,48.0,5.72058823529412,3.6666666666666696,389,176,4,3,0,1,0,1,0,217,2,2,-3.5,3.5,1,0,37.0,164.0,4.43,0.6025,45.0,7.258064516129032,1.0,1.0
119,123,119,RAIDERS,COLTS,4,0,1,31,24,46.0,5.8906,5.0145,377,346,1,0,1,1,0,1,0,215,2,2,6.5,-6.5,0,1,32.0,188.0,5.88,0.5613888888888889,80.0,6.096774193548387,1.0,1.0
120,124,120,EAGLES,PACKERS,4,0,1,34,27,46.0,5.6,6.6351,336,491,0,1,0,1,0,1,0,218,2,2,3.5,-3.5,0,1,33.0,176.0,5.33,0.4608333333333333,93.0,5.925925925925926,0.0,0.0
121,125,121,STEELERS,BENGALS,4,1,0,27,3,45.5,5.821428571428571,2.734375,326,175,1,8,0,1,0,1,0,204,1,3,-3.5,3.5,1,0,25.0,66.0,2.64,0.4961111111111111,37.0,8.387096774193548,2.0,2.0
122,126,122,SEAHAWKS,CARDINALS,4,0,1,27,10,49.0,5.76271186440678,5.4406779661017,340,321,0,4,4,1,0,1,0,209,3,1,-5.5,5.5,1,0,27.0,115.0,4.26,0.5566666666666666,65.0,8.035714285714286,2.0,2.0
123,127,123,BUCCANEERS,RAMS,4,0,1,55,40,48.5,6.3562,6.3951,464,518,1,2,2,1,0,1,0,216,2,2,9.0,-9.0,0,1,30.0,88.0,2.93,0.5433333333333333,99.0,9.170731707317072,2.0,2.0
124,128,124,TITANS,FALCONS,4,0,1,24,10,46.0,5.9836,5.6267,365,422,0,5,0,1,0,1,0,214,2,2,3.0,-3.0,0,1,34.0,138.0,4.06,0.4886111111111111,77.0,8.407407407407408,1.0,1.0
125,129,125,REDSKINS,GIANTS,4,0,1,3,24,48.0,3.6667,5.7206,176,389,4,0,3,0,1,0,1,217,0,4,3.5,-3.5,0,1,17.0,55.0,3.24,0.3975,58.0,4.321428571428571,1.0,1.0
126,130,126,CARDINALS,BENGALS,5,0,1,26,23,45.0,7.2394,5.9677,514,370,0,1,1,1,0,1,0,193,1,3,3.0,-3.0,0,1,38.0,266.0,7.0,0.5175000000000001,96.0,7.75,5.0,4.0
127,131,127,FALCONS,TEXANS,5,0,1,32,53,49.0,5.4853,8.8358,373,592,1,0,2,0,1,0,1,190,1,4,4.0,-4.0,0,1,20.0,57.0,2.85,0.4833333333333333,63.0,6.869565217391305,1.0,1.0
128,132,128,RAVENS,STEELERS,5,0,1,26,23,44.0,3.7945205479452095,5.27450980392157,277,269,3,1,5,1,0,0,1,199,3,2,-3.5,3.5,1,0,40.0,138.0,3.45,0.5738888888888889,92.0,4.964285714285714,4.0,4.0
129,133,129,BILLS,TITANS,5,0,1,14,7,39.5,4.9683,4.6667,313,252,1,5,4,1,0,1,0,191,4,1,3.0,-3.0,0,1,27.0,109.0,4.04,0.52,78.0,6.375,0.0,0.0
130,134,130,PANTHERS,JAGUARS,5,1,0,34,27,41.0,7.295081967213122,6.58441558441558,445,507,0,2,3,1,0,1,0,196,3,2,-3.0,3.0,1,0,27.0,285.0,10.56,0.46,70.0,5.161290322580644,2.0,0.0
131,135,131,BEARS,RAIDERS,5,0,1,21,24,39.5,4.627450980392161,5.6056338028169,236,398,2,0,4,0,1,0,1,200,3,2,-6.5,6.5,1,0,17.0,42.0,2.47,0.4213888888888889,75.0,6.466666666666668,0.0,0.0
132,136,132,BENGALS,CARDINALS,5,1,0,23,26,45.0,5.96774193548387,7.23943661971831,370,514,0,1,1,0,1,0,1,193,0,5,-3.0,3.0,1,0,23.0,108.0,4.7,0.4824999999999999,60.0,6.894736842105262,3.0,3.0
133,137,133,BROWNS,49ERS,5,0,1,3,31,47.5,3.913,6.2817,180,446,4,2,4,0,1,0,1,189,2,3,5.0,-5.0,0,1,18.0,102.0,5.67,0.3713888888888889,55.0,3.25,1.0,1.0
134,138,134,COWBOYS,PACKERS,5,1,0,24,34,46.5,8.27941176470588,5.1538461538461515,563,335,3,2,3,0,1,0,1,195,3,2,-4.0,4.0,1,0,21.0,122.0,5.81,0.3880555555555556,124.0,10.022727272727273,3.0,1.0
135,139,135,BRONCOS,CHARGERS,5,0,1,20,13,46.0,6.3636,3.8438,350,246,2,0,3,1,0,1,0,194,1,4,4.0,-4.0,0,1,32.0,191.0,5.97,0.4933333333333334,122.0,7.95,3.0,2.0
136,140,136,PACKERS,COWBOYS,5,0,1,34,24,46.5,5.1538,8.2794,335,563,0,3,2,1,0,1,0,195,4,1,4.0,-4.0,0,1,29.0,120.0,4.14,0.6119444444444444,78.0,6.3235294117647065,2.0,2.0
137,141,137,TEXANS,FALCONS,5,1,0,53,32,49.0,8.83582089552239,5.48529411764706,592,373,1,2,0,1,0,1,0,190,3,2,-4.0,4.0,1,0,34.0,166.0,4.88,0.5166666666666666,89.0,12.909090909090908,2.0,2.0
138,142,138,COLTS,CHIEFS,5,0,1,19,13,55.5,4.473,5.6842,331,324,1,4,0,1,0,1,0,192,3,2,10.5,-10.5,0,1,45.0,180.0,4.0,0.6208333333333333,50.0,5.206896551724138,4.0,4.0
139,143,139,JAGUARS,PANTHERS,5,0,1,27,34,41.0,6.5844,7.2951,507,445,3,3,2,0,1,0,1,196,2,3,3.0,-3.0,0,1,31.0,149.0,4.81,0.54,84.0,8.136363636363637,2.0,2.0
140,144,140,CHIEFS,COLTS,5,1,0,13,19,55.5,5.68421052631579,4.47297297297297,324,331,1,0,4,0,1,0,1,192,4,1,-10.5,10.5,1,0,14.0,36.0,2.57,0.37916666666666665,125.0,7.384615384615384,2.0,2.0
141,145,141,CHARGERS,BRONCOS,5,1,0,13,20,46.0,3.84375,6.36363636363636,246,350,3,3,0,0,1,0,1,194,2,3,-4.0,4.0,1,0,16.0,35.0,2.19,0.5066666666666666,43.0,4.395833333333333,3.0,2.0
142,146,142,RAMS,SEAHAWKS,5,0,1,29,30,49.0,7.1194,6.403,477,429,2,1,0,0,1,1,0,203,3,2,1.5,-1.5,0,1,18.0,82.0,4.56,0.4116666666666667,45.0,8.061224489795919,4.0,3.0
143,147,143,VIKINGS,GIANTS,5,0,1,28,10,44.0,7.65625,3.40322580645161,490,211,1,4,3,1,0,1,0,197,3,2,-5.5,5.5,1,0,34.0,211.0,6.21,0.5444444444444445,112.0,10.333333333333334,4.0,4.0
144,148,144,SAINTS,BUCCANEERS,5,1,0,31,24,46.0,6.82089552238806,4.5818181818181785,457,252,1,6,0,1,0,1,0,201,4,1,-3.0,3.0,1,0,31.0,112.0,3.61,0.5575,40.0,9.583333333333334,1.0,1.0
145,149,145,PATRIOTS,REDSKINS,5,0,1,33,7,42.0,5.97297297297297,4.20754716981132,442,223,1,6,4,1,0,1,0,202,5,0,-16.5,16.5,1,0,27.0,130.0,4.81,0.5313888888888889,55.0,7.2558139534883725,2.0,2.0
146,150,146,GIANTS,VIKINGS,5,1,0,10,28,44.0,3.4032,7.6563,211,490,1,3,4,0,1,0,1,197,2,3,5.5,-5.5,0,1,20.0,64.0,3.2,0.4555555555555556,45.0,3.8684210526315783,1.0,1.0
147,151,147,JETS,EAGLES,5,0,1,6,31,43.0,2.3273,4.4915,128,265,3,1,10,0,1,0,1,198,0,4,14.0,-14.0,0,1,19.0,67.0,3.53,0.4855555555555556,52.0,2.3461538461538463,1.0,0.0
148,152,148,RAIDERS,BEARS,5,1,0,24,21,39.5,5.6056,4.6275,398,236,2,4,0,1,0,1,0,200,3,2,6.5,-6.5,0,1,39.0,169.0,4.33,0.5786111111111111,69.0,7.15625,1.0,1.0
149,153,149,EAGLES,JETS,5,1,0,31,6,43.0,4.49152542372881,2.32727272727273,265,128,1,10,1,1,0,1,0,198,3,2,-14.0,14.0,1,0,29.0,84.0,2.9,0.5144444444444445,76.0,6.241379310344827,1.0,1.0
150,154,150,STEELERS,RAVENS,5,1,0,23,26,44.0,5.2745,3.7945,269,277,2,5,1,0,1,1,0,199,1,4,3.5,-3.5,0,1,19.0,77.0,4.05,0.4261111111111111,76.0,6.193548387096773,3.0,3.0
151,155,151,SEAHAWKS,RAMS,5,1,0,30,29,49.0,6.40298507462687,7.11940298507463,429,477,1,0,1,1,0,0,1,203,4,1,-1.5,1.5,1,0,43.0,167.0,3.88,0.5883333333333334,45.0,11.391304347826088,2.0,1.0
152,156,152,49ERS,BROWNS,5,1,0,31,3,47.5,6.28169014084507,3.91304347826087,446,180,0,4,2,1,0,1,0,189,4,0,-5.0,5.0,1,0,40.0,275.0,6.88,0.6286111111111111,34.0,5.896551724137932,4.0,1.0
153,157,153,BUCCANEERS,SAINTS,5,0,1,24,31,46.0,4.5818,6.8209,252,457,0,0,6,0,1,0,1,201,2,3,3.0,-3.0,0,1,22.0,94.0,4.27,0.4425,30.0,5.851851851851853,1.0,1.0
154,158,154,TITANS,BILLS,5,1,0,7,14,39.5,4.66666666666667,4.968253968253969,252,313,0,4,5,0,1,0,1,191,2,3,-3.0,3.0,1,0,27.0,102.0,3.78,0.48,60.0,6.8181818181818175,4.0,0.0
155,159,155,REDSKINS,PATRIOTS,5,1,0,7,33,42.0,4.2075,5.973,223,442,2,4,6,0,1,0,1,202,0,5,16.5,-16.5,0,1,20.0,145.0,7.25,0.4686111111111112,72.0,2.888888888888889,0.0,0.0
156,160,156,CARDINALS,FALCONS,6,1,0,34,33,52.5,6.697,7.0476,442,444,0,2,0,1,0,1,0,177,2,3,3.0,-3.0,0,1,29.0,102.0,3.52,0.4536111111111111,57.0,9.18918918918919,2.0,2.0
157,161,157,FALCONS,CARDINALS,6,0,1,33,34,52.5,7.047619047619048,6.6969696969697,444,442,0,0,2,0,1,0,1,177,1,5,-3.0,3.0,1,0,25.0,103.0,4.12,0.5463888888888888,72.0,9.472222222222221,2.0,2.0
158,162,158,RAVENS,BENGALS,6,1,0,23,17,47.0,6.4545454545454515,4.5454545454545485,497,250,1,2,1,1,0,0,1,176,4,2,-10.5,10.5,1,0,43.0,269.0,6.26,0.6616666666666666,81.0,6.909090909090909,3.0,3.0
159,163,159,PANTHERS,BUCCANEERS,6,0,1,37,26,48.5,4.25396825396825,5.4266666666666685,268,407,1,7,2,1,0,1,0,187,4,2,,,0,1,29.0,59.0,2.03,0.5194444444444444,30.0,6.53125,5.0,3.0
160,164,160,BENGALS,RAVENS,6,0,1,17,23,47.0,4.5455,6.4545,250,497,1,1,2,0,1,1,0,176,0,6,10.5,-10.5,0,1,14.0,33.0,2.36,0.3383333333333333,20.0,5.564102564102564,1.0,1.0
161,165,161,BROWNS,SEAHAWKS,6,1,0,28,32,45.5,6.655737704918032,6.13513513513513,406,454,4,3,0,0,1,0,1,185,2,4,-1.0,1.0,1,0,24.0,157.0,6.54,0.4386111111111111,83.0,6.72972972972973,0.0,0.0
162,166,162,COWBOYS,JETS,6,0,1,22,24,43.5,5.32,7.074074074074072,399,382,0,2,1,0,1,0,1,181,3,3,-7.5,7.5,1,0,34.0,129.0,3.79,0.5341666666666667,68.0,6.75,4.0,3.0
163,167,163,BRONCOS,TITANS,6,1,0,16,0,41.0,4.576271186440679,3.29032258064516,270,204,1,7,1,1,0,1,0,182,2,4,-1.5,1.5,1,0,30.0,103.0,3.43,0.4961111111111111,51.0,5.9642857142857135,3.0,3.0
164,168,164,LIONS,PACKERS,6,0,1,22,23,47.0,5.4364,6.4783,299,447,0,1,3,0,1,1,0,175,2,2,3.5,-3.5,0,1,20.0,56.0,2.8,0.4488888888888889,50.0,7.59375,5.0,5.0
165,169,165,PACKERS,LIONS,6,1,0,23,22,47.0,6.47826086956522,5.43636363636364,447,299,3,3,1,1,0,0,1,175,5,1,-3.5,3.5,1,0,29.0,170.0,5.86,0.5511111111111111,48.0,7.102564102564102,3.0,3.0
166,170,166,TEXANS,CHIEFS,6,0,1,31,24,54.5,5.6867,6.5745,472,309,3,1,0,1,0,1,0,178,4,2,3.5,-3.5,0,1,41.0,192.0,4.68,0.6633333333333333,70.0,6.666666666666668,2.0,1.0
167,172,167,JAGUARS,SAINTS,6,1,0,6,13,42.5,4.10909090909091,5.01538461538462,226,326,1,3,2,0,1,0,1,180,2,4,-2.5,2.5,1,0,24.0,75.0,3.13,0.4475,15.0,5.206896551724138,2.0,2.0
168,173,168,CHIEFS,TEXANS,6,1,0,24,31,54.5,6.57446808510638,5.6867469879518096,309,472,2,0,1,0,1,0,1,178,4,2,-10.0,10.0,1,0,11.0,53.0,4.82,0.3366666666666667,79.0,7.314285714285713,2.0,1.0
169,175,169,CHARGERS,STEELERS,6,1,0,17,24,42.5,5.89830508474576,4.57142857142857,348,256,3,0,1,0,1,0,1,184,2,4,-6.0,6.0,1,0,14.0,32.0,2.29,0.4319444444444445,74.0,7.1818181818181825,2.0,1.0
170,176,170,RAMS,49ERS,6,1,0,7,20,49.5,3.14,4.35526315789474,157,331,1,2,4,0,1,0,1,186,3,3,-3.0,3.0,1,0,22.0,109.0,4.95,0.3522222222222222,59.0,2.0,0.0,0.0
171,177,171,DOLPHINS,REDSKINS,6,1,0,16,17,42.0,3.9275,5.3621,271,311,2,0,5,0,1,1,0,179,0,5,5.5,-5.5,0,1,21.0,84.0,4.0,0.5441666666666667,45.0,4.348837209302325,1.0,1.0
172,178,172,VIKINGS,EAGLES,6,1,0,38,20,44.0,6.876923076923079,6.1538461538461515,447,400,2,2,1,1,0,1,0,183,4,2,-3.5,3.5,1,0,35.0,122.0,3.49,0.5344444444444445,30.0,11.20689655172414,1.0,1.0
173,179,173,SAINTS,JAGUARS,6,0,1,13,6,42.5,5.0154,4.1091,326,226,0,2,3,1,0,1,0,180,5,1,2.5,-2.5,0,1,26.0,104.0,4.0,0.5525,35.0,6.166666666666668,2.0,2.0
174,180,174,PATRIOTS,GIANTS,6,1,0,35,14,43.0,5.4743589743589816,4.4375,427,213,2,1,3,1,0,1,0,188,6,0,-16.5,16.5,1,0,34.0,114.0,3.35,0.66,20.0,7.634146341463414,1.0,0.0
175,181,175,GIANTS,PATRIOTS,6,0,1,14,35,43.0,4.4375,5.4744,213,427,4,3,1,0,1,0,1,188,2,4,16.5,-16.5,0,1,16.0,52.0,3.25,0.34,40.0,5.193548387096773,0.0,0.0
176,182,176,JETS,COWBOYS,6,1,0,24,22,43.5,7.0741,5.32,382,399,1,1,2,1,0,1,0,181,1,4,7.5,-7.5,0,1,20.0,56.0,2.8,0.4658333333333333,105.0,10.1875,1.0,1.0
177,183,177,EAGLES,VIKINGS,6,0,1,20,38,44.0,6.1538,6.8769,400,447,3,1,2,0,1,0,1,183,3,3,3.5,-3.5,0,1,22.0,108.0,4.91,0.4655555555555556,49.0,7.121951219512195,2.0,2.0
178,184,178,STEELERS,CHARGERS,6,0,1,24,17,42.5,4.5714,5.8983,256,348,1,1,0,1,0,1,0,184,2,4,6.0,-6.0,0,1,36.0,124.0,3.44,0.5680555555555555,45.0,6.6,1.0,1.0
179,185,179,SEAHAWKS,BROWNS,6,0,1,32,28,45.5,6.1351,6.6557,454,406,1,0,3,1,0,1,0,185,5,1,1.0,-1.0,0,1,38.0,170.0,4.47,0.5613888888888889,65.0,8.606060606060606,2.0,2.0
180,186,180,49ERS,RAMS,6,0,1,20,7,49.5,4.3553,3.14,331,157,2,4,2,1,0,1,0,186,5,0,3.0,-3.0,0,1,41.0,99.0,2.41,0.6477777777777778,30.0,7.03030303030303,3.0,2.0
181,187,181,BUCCANEERS,PANTHERS,6,1,0,26,37,48.5,5.4267,4.254,407,268,7,2,7,0,1,0,1,187,2,4,,,0,1,14.0,42.0,3.0,0.4805555555555556,70.0,6.75925925925926,1.0,1.0
182,188,182,TITANS,BRONCOS,6,0,1,0,16,41.0,3.2903,4.5763,204,270,3,1,7,0,1,0,1,182,2,4,1.5,-1.5,0,1,21.0,39.0,1.86,0.5038888888888889,40.0,4.852941176470588,0.0,0.0
183,189,183,REDSKINS,DOLPHINS,6,0,1,17,16,42.0,5.36206896551724,3.92753623188406,311,271,0,5,0,1,0,0,1,179,1,5,-5.5,5.5,1,0,33.0,145.0,4.39,0.4558333333333333,56.0,6.64,2.0,1.0
184,190,184,CARDINALS,GIANTS,7,0,1,27,21,49.5,4.0164,4.0462,245,263,0,8,2,1,0,1,0,164,3,3,3.5,-3.5,0,1,38.0,156.0,4.11,0.4997222222222222,85.0,4.238095238095238,2.0,2.0
185,191,185,FALCONS,RAMS,7,1,0,10,37,54.5,4.2264,5.1486,224,381,3,0,5,0,1,0,1,162,1,6,3.0,-3.0,0,1,15.0,38.0,2.53,0.3808333333333333,48.0,5.636363636363638,2.0,1.0
186,192,186,RAVENS,SEAHAWKS,7,0,1,30,16,49.0,6.0714,5.1029,340,347,0,1,1,1,0,1,0,171,5,2,3.0,-3.0,0,1,35.0,199.0,5.69,0.4983333333333334,75.0,7.05,3.0,3.0
187,193,187,BILLS,DOLPHINS,7,1,0,31,21,42.5,5.980392156862751,5.77272727272727,305,381,0,1,2,1,0,0,1,167,5,1,-17.0,17.0,1,0,23.0,117.0,5.09,0.4413888888888888,83.0,7.230769230769232,3.0,3.0
188,194,188,BEARS,SAINTS,7,1,0,25,36,37.0,4.0,5.72972972972973,252,424,2,1,2,0,1,0,1,168,3,3,-4.0,4.0,1,0,7.0,17.0,2.43,0.3761111111111111,10.0,4.351851851851852,1.0,1.0
189,195,189,BENGALS,JAGUARS,7,1,0,17,27,44.5,4.4769,5.8974,291,460,4,2,2,0,1,0,1,163,0,7,4.0,-4.0,0,1,20.0,33.0,1.65,0.3619444444444444,50.0,6.0,1.0,1.0
190,196,190,COWBOYS,EAGLES,7,1,0,37,10,50.0,6.09090909090909,4.96491228070175,402,283,1,3,3,1,0,1,0,169,4,3,-3.0,3.0,1,0,36.0,189.0,5.25,0.5394444444444444,65.0,7.888888888888888,3.0,3.0
191,197,191,BRONCOS,CHIEFS,7,1,0,6,30,49.5,3.2031,4.6724,205,271,1,1,9,0,1,0,1,174,2,5,3.0,-3.0,0,1,21.0,71.0,3.38,0.4630555555555556,33.0,3.941176470588236,1.0,0.0
192,198,192,LIONS,VIKINGS,7,1,0,30,42,43.5,6.4627,7.0986,433,504,1,0,2,0,1,0,1,165,2,3,2.5,-2.5,0,1,20.0,81.0,4.05,0.4638888888888889,67.0,7.822222222222222,1.0,1.0
193,199,193,PACKERS,RAIDERS,7,1,0,42,24,48.0,8.74545454545455,7.80645161290323,481,484,0,0,1,1,0,1,0,170,6,1,-5.0,5.0,1,0,23.0,60.0,2.61,0.5066666666666666,20.0,13.580645161290322,0.0,0.0
194,200,194,TEXANS,COLTS,7,0,1,23,30,46.5,6.4098,5.7164,391,383,2,1,3,0,1,0,1,166,4,3,1.0,-1.0,0,1,24.0,100.0,4.17,0.4522222222222223,54.0,8.558823529411764,3.0,3.0
195,201,195,COLTS,TEXANS,7,1,0,30,23,46.5,5.71641791044776,6.40983606557377,383,391,1,3,1,1,0,1,0,166,4,2,-1.0,1.0,1,0,26.0,62.0,2.38,0.5477777777777777,45.0,8.025,0.0,0.0
196,202,196,JAGUARS,BENGALS,7,0,1,27,17,44.5,5.8974358974359,4.47692307692308,460,291,0,2,2,1,0,1,0,163,3,4,-4.0,4.0,1,0,44.0,216.0,4.91,0.6380555555555556,130.0,7.625,4.0,4.0
197,203,197,CHIEFS,BRONCOS,7,0,1,30,6,49.5,4.67241379310345,3.203125,271,205,0,9,1,1,0,1,0,174,5,2,-3.0,3.0,1,0,27.0,80.0,2.96,0.5369444444444444,46.0,6.366666666666666,3.0,3.0
198,204,198,CHARGERS,TITANS,7,0,1,20,23,42.5,6.0833,6.6066,365,403,1,2,1,0,1,0,1,172,2,5,2.5,-2.5,0,1,21.0,39.0,1.86,0.4625,29.0,8.578947368421053,2.0,2.0
199,205,199,RAMS,FALCONS,7,0,1,37,10,54.5,5.148648648648651,4.22641509433962,381,224,0,5,0,1,0,1,0,162,4,3,-3.0,3.0,1,0,36.0,90.0,2.5,0.6191666666666666,24.0,7.657894736842105,4.0,3.0
200,206,200,DOLPHINS,BILLS,7,0,1,21,31,42.5,5.7727,5.9804,381,305,2,2,1,0,1,1,0,167,0,6,17.0,-17.0,0,1,30.0,109.0,3.63,0.5586111111111112,55.0,7.7714285714285705,0.0,0.0
201,207,201,VIKINGS,LIONS,7,0,1,42,30,43.5,7.09859154929578,6.46268656716418,504,433,0,2,0,1,0,1,0,165,5,2,-2.5,2.5,1,0,37.0,166.0,4.49,0.5361111111111111,60.0,9.941176470588236,1.0,0.0
202,208,202,SAINTS,BEARS,7,0,1,36,25,37.0,5.7297,4.0,424,252,0,2,1,1,0,1,0,168,6,1,4.0,-4.0,0,1,35.0,151.0,4.31,0.6238888888888889,35.0,7.184210526315789,4.0,2.0
203,209,203,PATRIOTS,JETS,7,0,1,33,0,43.0,4.08860759493671,2.9056603773584904,323,154,1,1,0,1,0,1,0,161,7,0,-10.0,10.0,1,0,34.0,74.0,2.18,0.6408333333333334,92.0,5.533333333333332,1.0,1.0
204,210,204,GIANTS,CARDINALS,7,1,0,21,27,49.5,4.0461538461538495,4.01639344262295,263,245,3,2,8,0,1,0,1,164,2,5,-3.5,3.5,1,0,22.0,107.0,4.86,0.5002777777777778,75.0,4.457142857142856,1.0,0.0
205,211,205,JETS,PATRIOTS,7,1,0,0,33,43.0,2.9057,4.0886,154,323,6,0,1,0,1,0,1,161,1,5,10.0,-10.0,0,1,20.0,81.0,4.05,0.35916666666666663,60.0,2.28125,0.0,0.0
206,212,206,RAIDERS,PACKERS,7,0,1,24,42,48.0,7.8065,8.7455,484,481,2,1,0,0,1,0,1,170,3,3,5.0,-5.0,0,1,31.0,155.0,5.0,0.4933333333333334,97.0,10.612903225806454,1.0,1.0
207,213,207,EAGLES,COWBOYS,7,0,1,10,37,50.0,4.9649,6.0909,283,402,4,3,3,0,1,0,1,169,3,4,3.0,-3.0,0,1,28.0,115.0,4.11,0.4605555555555556,40.0,6.461538461538463,1.0,1.0
208,214,208,SEAHAWKS,RAVENS,7,1,0,16,30,49.0,5.10294117647059,6.071428571428571,347,340,2,1,1,0,1,0,1,171,5,2,-3.0,3.0,1,0,26.0,106.0,4.08,0.5016666666666667,18.0,5.878048780487805,4.0,3.0
209,215,209,49ERS,REDSKINS,7,0,1,9,0,39.0,4.56451612903226,3.75609756097561,283,154,1,3,2,1,0,0,1,173,6,0,-10.0,10.0,1,0,39.0,137.0,3.51,0.5566666666666666,20.0,6.9523809523809526,4.0,3.0
210,216,210,TITANS,CHARGERS,7,1,0,23,20,42.5,6.60655737704918,6.08333333333333,403,365,1,1,2,1,0,1,0,172,3,4,-2.5,2.5,1,0,29.0,97.0,3.34,0.5375,54.0,10.2,1.0,1.0
211,217,211,REDSKINS,49ERS,7,1,0,0,9,39.0,3.7561,4.5645,154,283,1,2,3,0,1,1,0,173,1,6,10.0,-10.0,0,1,26.0,104.0,4.0,0.44333333333333336,47.0,4.166666666666667,1.0,0.0
212,218,212,CARDINALS,SAINTS,8,0,1,9,31,47.5,4.8367,7.0833,237,510,0,0,4,0,1,0,1,151,3,4,12.5,-12.5,0,1,11.0,40.0,3.64,0.3669444444444444,35.0,5.794117647058822,3.0,3.0
213,219,213,FALCONS,SEAHAWKS,8,1,0,20,27,48.5,7.1831,5.8545,510,322,3,2,2,0,1,1,0,147,1,7,7.5,-7.5,0,1,17.0,69.0,4.06,0.5130555555555556,40.0,8.48076923076923,4.0,2.0
214,220,214,BILLS,EAGLES,8,1,0,13,31,39.5,4.36206896551724,5.455882352941179,253,371,1,3,4,0,1,0,1,156,5,2,-1.5,1.5,1,0,20.0,98.0,4.9,0.4008333333333333,57.0,4.5588235294117645,1.0,0.0
215,221,215,PANTHERS,49ERS,8,0,1,13,51,41.0,3.6508,6.1587,230,388,3,3,7,0,1,0,1,148,4,3,4.5,-4.5,0,1,19.0,130.0,6.84,0.4497222222222223,70.0,2.702702702702702,1.0,1.0
216,222,216,BEARS,CHARGERS,8,1,0,16,17,41.0,5.03896103896104,5.5,388,231,2,1,4,0,1,0,1,158,3,4,-3.5,3.5,1,0,38.0,162.0,4.26,0.6333333333333333,42.0,6.457142857142857,5.0,3.0
217,223,217,BENGALS,RAMS,8,0,1,10,24,48.5,5.0759,8.2456,401,470,0,0,5,0,1,0,1,149,0,8,,,0,1,22.0,104.0,4.73,0.5452777777777778,40.0,5.711538461538463,1.0,1.0
218,224,218,BROWNS,PATRIOTS,8,0,1,13,27,43.0,5.3448,4.8182,310,318,3,3,5,0,1,0,1,150,2,5,10.5,-10.5,0,1,22.0,159.0,7.23,0.4625,85.0,4.870967741935483,2.0,2.0
219,225,219,BRONCOS,COLTS,8,0,1,13,15,41.0,4.4286,5.3,279,318,0,4,3,0,1,1,0,152,2,6,6.0,-6.0,0,1,28.0,113.0,4.04,0.5122222222222222,88.0,5.1875,2.0,2.0
220,226,220,LIONS,GIANTS,8,1,0,31,26,49.0,6.147540983606559,5.441176470588241,375,370,2,3,4,1,0,0,1,154,3,3,-6.5,6.5,1,0,25.0,59.0,2.36,0.4869444444444444,75.0,9.875,2.0,1.0
221,227,221,PACKERS,CHIEFS,8,0,1,31,24,48.0,5.84375,5.81034482758621,374,337,0,2,5,1,0,1,0,153,7,1,-5.0,5.0,1,0,26.0,118.0,4.54,0.5536111111111109,25.0,7.757575757575758,1.0,1.0
222,228,222,TEXANS,RAIDERS,8,1,0,27,24,52.0,5.24324324324324,7.13207547169811,388,378,0,0,3,1,0,0,1,157,5,3,-6.0,6.0,1,0,32.0,130.0,4.06,0.5980555555555556,50.0,6.615384615384616,2.0,2.0
223,229,223,COLTS,BRONCOS,8,1,0,15,13,41.0,5.3,4.42857142857143,318,279,1,3,4,1,0,0,1,152,5,2,-6.0,6.0,1,0,31.0,127.0,4.1,0.4877777777777778,103.0,7.64,4.0,3.0
224,230,224,JAGUARS,JETS,8,1,0,29,15,39.5,5.5571428571428605,4.09615384615385,389,213,1,8,2,1,0,1,0,155,4,4,-7.5,7.5,1,0,34.0,111.0,3.26,0.5558333333333333,70.0,8.176470588235292,3.0,3.0
225,231,225,CHIEFS,PACKERS,8,1,0,24,31,48.0,5.8103,5.8438,337,374,1,5,2,0,1,0,1,153,5,3,5.0,-5.0,0,1,20.0,88.0,4.4,0.4463888888888889,30.0,6.916666666666668,2.0,1.0
226,232,226,CHARGERS,BEARS,8,0,1,17,16,41.0,5.5,5.039,231,388,1,4,1,1,0,1,0,158,3,5,3.5,-3.5,0,1,12.0,36.0,3.0,0.36666666666666653,53.0,6.724137931034483,2.0,1.0
227,233,227,RAMS,BENGALS,8,1,0,24,10,48.5,8.245614035087721,5.0759493670886116,470,401,0,5,0,1,0,1,0,149,5,3,,,0,1,26.0,98.0,3.77,0.4547222222222223,59.0,12.0,1.0,1.0
228,234,228,DOLPHINS,STEELERS,8,0,1,14,27,44.0,4.0351,5.8806,230,394,4,2,4,0,1,1,0,146,0,7,14.0,-14.0,0,1,19.0,60.0,3.16,0.4116666666666667,45.0,5.0,0.0,0.0
229,235,229,VIKINGS,REDSKINS,8,1,0,19,9,42.0,6.47761194029851,5.26829268292683,434,216,1,4,3,1,0,0,1,160,6,2,-17.0,17.0,1,0,38.0,161.0,4.24,0.61,74.0,10.5,4.0,4.0
230,236,230,SAINTS,CARDINALS,8,1,0,31,9,47.5,7.08333333333333,4.83673469387755,510,237,1,4,0,1,0,1,0,151,7,1,-12.5,12.5,1,0,29.0,137.0,4.72,0.6330555555555556,15.0,8.674418604651162,2.0,1.0
231,237,231,PATRIOTS,BROWNS,8,1,0,27,13,43.0,4.81818181818182,5.3448275862069,318,310,0,5,3,1,0,1,0,150,8,0,-10.5,10.5,1,0,27.0,79.0,2.93,0.5375,32.0,6.638888888888888,4.0,2.0
232,238,232,GIANTS,LIONS,8,0,1,26,31,49.0,5.4412,6.1475,370,375,1,4,3,0,1,1,0,154,2,6,6.5,-6.5,0,1,24.0,80.0,3.33,0.5130555555555556,44.0,7.073170731707318,0.0,0.0
233,239,233,JETS,JAGUARS,8,0,1,15,29,39.5,4.0962,5.5571,213,389,3,2,8,0,1,0,1,155,1,6,7.5,-7.5,0,1,14.0,46.0,3.29,0.4441666666666667,83.0,5.566666666666666,0.0,0.0
234,240,234,RAIDERS,TEXANS,8,0,1,24,27,52.0,7.1321,5.2432,378,388,0,3,0,0,1,1,0,157,3,4,6.0,-6.0,0,1,23.0,93.0,4.04,0.4019444444444445,100.0,9.5,1.0,1.0
235,241,235,EAGLES,BILLS,8,0,1,31,13,39.5,5.4559,4.3621,371,253,1,4,3,1,0,1,0,156,4,4,1.5,-1.5,0,1,41.0,218.0,5.32,0.5991666666666667,44.0,6.375,1.0,1.0
236,242,236,STEELERS,DOLPHINS,8,1,0,27,14,44.0,5.88059701492537,4.03508771929825,394,230,1,4,2,1,0,0,1,146,3,4,-14.0,14.0,1,0,29.0,158.0,5.45,0.5883333333333334,70.0,6.5555555555555545,3.0,2.0
237,243,237,SEAHAWKS,FALCONS,8,0,1,27,20,48.5,5.85454545454546,7.1830985915493,322,510,0,2,2,1,0,0,1,147,6,2,-7.5,7.5,1,0,33.0,151.0,4.58,0.4869444444444444,60.0,8.55,2.0,2.0
238,244,238,49ERS,PANTHERS,8,1,0,51,13,41.0,6.15873015873016,3.65079365079365,388,230,1,7,3,1,0,1,0,148,7,0,-4.5,4.5,1,0,38.0,232.0,6.11,0.5502777777777778,31.0,7.090909090909091,1.0,1.0
239,245,239,BUCCANEERS,TITANS,8,0,1,23,27,45.5,5.1184,4.3158,389,246,4,3,3,0,1,0,1,159,2,5,2.5,-2.5,0,1,30.0,106.0,3.53,0.5261111111111112,87.0,6.5813953488372094,3.0,3.0
240,246,240,TITANS,BUCCANEERS,8,1,0,27,23,45.5,4.3157894736842115,5.1184210526315805,246,389,1,3,3,1,0,1,0,159,4,4,-2.5,2.5,1,0,21.0,72.0,3.43,0.4738888888888888,77.0,5.2727272727272725,2.0,2.0
241,247,241,REDSKINS,VIKINGS,8,0,1,9,19,42.0,5.2683,6.4776,216,434,2,3,4,0,1,1,0,160,1,7,17.0,-17.0,0,1,16.0,85.0,5.31,0.39,46.0,6.238095238095237,3.0,3.0
242,248,242,CARDINALS,49ERS,9,1,0,25,28,43.5,7.14,5.9565,357,411,0,1,3,0,1,1,0,145,3,5,10.0,-10.0,0,1,23.0,153.0,6.65,0.4247222222222222,65.0,8.5,1.0,1.0
243,249,243,RAVENS,PATRIOTS,9,1,0,37,20,44.5,5.7231,5.2615,372,342,2,2,1,1,0,1,0,141,6,2,3.0,-3.0,0,1,41.0,210.0,5.12,0.6169444444444445,34.0,7.043478260869565,1.0,1.0
244,250,244,BILLS,REDSKINS,9,1,0,24,9,37.0,4.39344262295082,4.95918367346939,268,243,0,4,2,1,0,1,0,144,6,2,-11.0,11.0,1,0,39.0,122.0,3.13,0.5297222222222222,20.0,7.3,1.0,1.0
245,251,245,PANTHERS,TITANS,9,1,0,30,20,43.0,5.441176470588241,6.734375,370,431,1,4,3,1,0,1,0,140,5,3,-3.5,3.5,1,0,33.0,156.0,4.73,0.5547222222222222,77.0,6.6875,2.0,1.0
246,252,246,BEARS,EAGLES,9,0,1,14,22,41.0,3.9048,4.7821,164,373,1,4,3,0,1,0,1,133,3,5,5.0,-5.0,0,1,18.0,62.0,3.44,0.3283333333333333,70.0,4.857142857142857,0.0,0.0
247,253,247,BROWNS,BRONCOS,9,0,1,19,24,39.0,4.80821917808219,7.02325581395349,351,302,0,3,2,0,1,0,1,135,2,6,-4.0,4.0,1,0,29.0,90.0,3.1,0.5916666666666666,40.0,6.2142857142857135,4.0,4.0
248,254,248,COWBOYS,GIANTS,9,0,1,37,18,48.5,6.6,3.98529411764706,429,271,2,5,0,1,0,1,0,132,5,3,-6.5,6.5,1,0,30.0,172.0,5.73,0.4677777777777778,104.0,7.3428571428571425,4.0,3.0
249,255,249,BRONCOS,BROWNS,9,1,0,24,19,39.0,7.0233,4.8082,302,351,1,2,3,1,0,1,0,135,3,6,4.0,-4.0,0,1,20.0,127.0,6.35,0.4083333333333334,55.0,8.75,1.0,1.0
250,256,250,LIONS,RAIDERS,9,0,1,24,31,51.5,7.629,6.6176,473,450,2,1,2,0,1,0,1,136,3,4,2.5,-2.5,0,1,19.0,90.0,4.74,0.4527777777777778,35.0,9.341463414634148,1.0,1.0
251,257,251,PACKERS,CHARGERS,9,0,1,11,26,50.0,3.75510204081633,6.5,184,442,0,2,3,0,1,0,1,142,7,2,-4.0,4.0,1,0,11.0,45.0,4.09,0.4025,45.0,3.971428571428572,1.0,1.0
252,258,252,TEXANS,JAGUARS,9,0,1,26,3,46.0,6.5079,5.3939,410,356,1,4,1,1,0,1,0,137,6,3,,,0,1,34.0,216.0,6.35,0.5425,60.0,6.928571428571429,3.0,2.0
253,259,253,COLTS,STEELERS,9,0,1,24,26,39.5,5.0462,4.4754,328,273,3,1,5,0,1,0,1,134,5,3,1.0,-1.0,0,1,29.0,139.0,4.79,0.5088888888888888,89.0,6.096774193548387,2.0,1.0
254,260,254,JAGUARS,TEXANS,9,1,0,3,26,46.0,5.39393939393939,6.50793650793651,356,410,4,1,4,0,1,0,1,137,4,5,,,0,1,15.0,74.0,4.93,0.4575,34.0,6.0,1.0,1.0
255,261,255,CHIEFS,VIKINGS,9,1,0,26,23,46.0,6.5,4.6667,377,308,1,1,5,1,0,1,0,138,6,3,5.5,-5.5,0,1,18.0,147.0,8.17,0.53,25.0,6.571428571428571,4.0,4.0
256,262,256,CHARGERS,PACKERS,9,1,0,26,11,50.0,6.5,3.7551,442,184,0,3,2,1,0,1,0,142,4,5,4.0,-4.0,0,1,38.0,159.0,4.18,0.5975,45.0,10.107142857142858,5.0,4.0
257,263,257,DOLPHINS,JETS,9,1,0,26,18,42.5,4.9375,5.0952,316,321,0,3,4,1,0,1,0,139,1,7,3.0,-3.0,0,1,24.0,50.0,2.08,0.5205555555555557,51.0,7.388888888888888,2.0,1.0
258,264,258,VIKINGS,CHIEFS,9,0,1,23,26,46.0,4.66666666666667,6.5,308,377,0,5,1,0,1,0,1,138,6,3,-5.5,5.5,1,0,27.0,96.0,3.56,0.47,25.0,5.578947368421051,1.0,1.0
259,265,259,PATRIOTS,RAVENS,9,0,1,20,37,44.5,5.261538461538461,5.7230769230769205,342,372,2,1,2,0,1,0,1,141,8,1,-3.0,3.0,1,0,17.0,74.0,4.35,0.3830555555555555,48.0,5.826086956521738,2.0,2.0
260,266,260,GIANTS,COWBOYS,9,1,0,18,37,48.5,3.9853,6.6,271,429,3,0,5,0,1,0,1,132,2,7,6.5,-6.5,0,1,22.0,100.0,4.55,0.5322222222222223,71.0,4.170731707317073,4.0,4.0
261,267,261,JETS,DOLPHINS,9,0,1,18,26,42.5,5.0952380952380985,4.9375,321,316,1,4,3,0,1,0,1,139,1,7,-3.0,3.0,1,0,21.0,83.0,3.95,0.4794444444444443,105.0,6.102564102564102,4.0,3.0
262,268,262,RAIDERS,LIONS,9,1,0,31,24,51.5,6.617647058823531,7.62903225806452,450,473,0,2,1,1,0,1,0,136,4,4,-2.5,2.5,1,0,36.0,171.0,4.75,0.5472222222222223,96.0,9.0,2.0,1.0
263,269,263,EAGLES,BEARS,9,1,0,22,14,41.0,4.78205128205128,3.9047619047619,373,164,0,3,4,1,0,1,0,133,5,4,-5.0,5.0,1,0,35.0,146.0,4.17,0.6716666666666666,75.0,5.82051282051282,3.0,3.0
264,270,264,STEELERS,COLTS,9,1,0,26,24,39.5,4.4754098360655705,5.0461538461538495,273,328,2,5,1,1,0,1,0,134,4,4,-1.0,1.0,1,0,25.0,90.0,3.6,0.4911111111111112,70.0,5.228571428571429,4.0,4.0
265,271,265,SEAHAWKS,BUCCANEERS,9,1,0,40,34,51.0,7.23529411764706,5.80555555555555,492,418,1,2,3,1,0,1,0,143,7,2,-4.0,4.0,1,0,22.0,145.0,6.59,0.4097222222222222,45.0,8.069767441860465,4.0,2.0
266,272,266,49ERS,CARDINALS,9,0,1,28,25,43.5,5.956521739130441,7.14,411,357,0,3,1,1,0,0,1,145,8,0,-10.0,10.0,1,0,31.0,101.0,3.26,0.5752777777777778,75.0,8.378378378378379,0.0,0.0
267,273,267,BUCCANEERS,SEAHAWKS,9,0,1,34,40,51.0,5.8056,7.2353,418,492,1,3,2,0,1,0,1,143,2,6,4.0,-4.0,0,1,26.0,99.0,3.81,0.5902777777777778,82.0,7.25,3.0,2.0
268,274,268,TITANS,PANTHERS,9,0,1,20,30,43.0,6.7344,5.4412,431,370,3,3,4,0,1,0,1,140,4,5,3.5,-3.5,0,1,21.0,121.0,5.76,0.4452777777777778,99.0,7.94871794871795,3.0,0.0
269,275,269,REDSKINS,BILLS,9,0,1,9,24,37.0,4.9592,4.3934,243,268,0,2,4,0,1,0,1,144,1,8,11.0,-11.0,0,1,23.0,127.0,5.52,0.4702777777777778,15.0,5.2727272727272725,3.0,3.0
270,276,270,CARDINALS,BUCCANEERS,10,0,1,27,30,51.0,6.4154,5.859,417,457,2,4,2,0,1,1,0,124,3,6,5.5,-5.5,0,1,18.0,75.0,4.17,0.39916666666666667,87.0,7.6,2.0,2.0
271,277,271,FALCONS,SAINTS,10,0,1,26,9,51.5,4.5286,4.9206,317,310,1,6,1,1,0,1,0,120,2,7,14.0,-14.0,0,1,34.0,143.0,4.21,0.5627777777777778,48.0,4.971428571428572,4.0,4.0
272,278,272,RAVENS,BENGALS,10,0,1,49,13,44.0,8.23913043478261,4.26388888888889,379,307,1,2,1,1,0,1,0,123,7,2,-10.5,10.5,1,0,23.0,136.0,5.91,0.3969444444444444,35.0,11.045454545454543,0.0,0.0
273,279,273,BILLS,BROWNS,10,0,1,16,19,42.0,5.5484,5.5758,344,368,0,2,1,0,1,0,1,121,6,3,2.5,-2.5,0,1,20.0,84.0,4.2,0.4705555555555556,40.0,6.3414634146341475,2.0,0.0
274,280,274,PANTHERS,PACKERS,10,0,1,16,24,49.0,5.8116,6.6897,401,388,2,2,3,0,1,0,1,122,5,4,4.5,-4.5,0,1,23.0,120.0,5.22,0.4772222222222222,46.0,6.534883720930233,1.0,1.0
275,281,275,BEARS,LIONS,10,1,0,20,13,38.0,4.34615384615385,4.76,226,357,0,2,5,1,0,1,0,125,4,5,-7.0,7.0,1,0,24.0,81.0,3.38,0.4683333333333333,57.0,6.304347826086956,0.0,0.0
276,282,276,BENGALS,RAVENS,10,1,0,13,49,44.0,4.2639,8.2391,307,379,3,1,2,0,1,0,1,123,0,9,10.5,-10.5,0,1,40.0,157.0,3.93,0.6030555555555556,5.0,5.0,2.0,2.0
277,283,277,BROWNS,BILLS,10,1,0,19,16,42.0,5.57575757575758,5.54838709677419,368,344,0,1,2,1,0,1,0,121,3,6,-2.5,2.5,1,0,26.0,147.0,5.65,0.5294444444444444,70.0,5.815789473684211,2.0,2.0
278,284,278,COWBOYS,VIKINGS,10,1,0,24,28,48.5,6.328571428571429,5.27536231884058,443,364,1,1,1,0,1,0,1,127,5,4,-3.5,3.5,1,0,22.0,50.0,2.27,0.4425,39.0,8.361702127659575,2.0,1.0
279,285,279,LIONS,BEARS,10,0,1,13,20,38.0,4.76,4.3462,357,226,1,5,2,0,1,0,1,125,3,5,7.0,-7.0,0,1,27.0,98.0,3.63,0.5316666666666667,76.0,5.630434782608695,2.0,2.0
280,286,280,PACKERS,PANTHERS,10,1,0,24,16,49.0,6.68965517241379,5.81159420289855,388,401,0,3,2,1,0,1,0,122,8,2,-4.5,4.5,1,0,27.0,163.0,6.04,0.5227777777777778,64.0,7.758620689655173,1.0,1.0
281,287,281,COLTS,DOLPHINS,10,1,0,12,16,44.5,4.34782608695652,3.69354838709677,300,229,3,3,1,0,1,0,1,126,5,4,-11.0,11.0,1,0,29.0,109.0,3.76,0.4755555555555555,25.0,4.897435897435898,2.0,2.0
282,288,282,CHIEFS,TITANS,10,0,1,32,35,49.0,6.7948717948718,7.571428571428571,530,371,1,4,2,0,1,0,1,129,6,4,-6.0,6.0,1,0,25.0,97.0,3.88,0.6311111111111112,80.0,8.490196078431373,5.0,4.0
283,289,283,CHARGERS,RAIDERS,10,0,1,24,26,49.0,4.77272727272727,5.05454545454546,315,278,3,3,5,0,1,0,1,131,4,6,-1.0,1.0,1,0,30.0,146.0,4.87,0.5694444444444444,70.0,5.451612903225807,1.0,1.0
284,290,284,RAMS,STEELERS,10,0,1,12,17,43.0,4.43478260869565,4.01470588235294,306,273,4,3,4,0,1,0,1,130,5,4,-4.0,4.0,1,0,23.0,88.0,3.83,0.4722222222222222,95.0,5.190476190476192,2.0,1.0
285,291,285,DOLPHINS,COLTS,10,0,1,16,12,44.5,3.6935,4.3478,229,300,2,1,3,1,0,1,0,126,2,7,11.0,-11.0,0,1,26.0,70.0,2.69,0.5244444444444445,30.0,4.818181818181818,3.0,3.0
286,292,286,VIKINGS,COWBOYS,10,0,1,28,24,48.5,5.2754,6.3286,364,443,0,1,1,1,0,1,0,127,7,3,3.5,-3.5,0,1,36.0,153.0,4.25,0.5575,35.0,6.59375,2.0,2.0
287,293,287,SAINTS,FALCONS,10,1,0,9,26,51.5,4.92063492063492,4.52857142857143,310,317,0,1,6,0,1,0,1,120,7,2,-14.0,14.0,1,0,11.0,52.0,4.73,0.4372222222222222,90.0,5.608695652173912,3.0,3.0
288,294,288,GIANTS,JETS,10,0,1,27,34,43.0,4.46031746031746,4.819672131147541,281,294,2,2,6,0,1,0,1,128,2,8,-3.0,3.0,1,0,17.0,23.0,1.35,0.4877777777777778,62.0,6.45,0.0,0.0
289,295,289,JETS,GIANTS,10,1,0,34,27,43.0,4.8197,4.4603,294,281,0,6,2,1,0,1,0,128,2,7,3.0,-3.0,0,1,29.0,76.0,2.62,0.5122222222222222,54.0,7.2666666666666675,3.0,2.0
290,296,290,RAIDERS,CHARGERS,10,1,0,26,24,49.0,5.0545,4.7727,278,315,0,5,3,1,0,1,0,131,5,4,1.0,-1.0,0,1,21.0,78.0,3.71,0.4305555555555556,97.0,6.451612903225807,3.0,2.0
291,297,291,STEELERS,RAMS,10,1,0,17,12,43.0,4.0147,4.4348,273,306,2,4,3,1,0,1,0,130,5,4,4.0,-4.0,0,1,27.0,42.0,1.56,0.5277777777777778,107.0,6.078947368421053,1.0,1.0
292,298,292,SEAHAWKS,49ERS,10,0,1,27,24,47.0,4.6027,3.8718,336,302,4,5,5,1,0,1,0,119,8,2,6.5,-6.5,0,1,34.0,147.0,4.32,0.5886111111111112,75.0,5.5588235294117645,2.0,2.0
293,299,293,49ERS,SEAHAWKS,10,1,0,24,27,47.0,3.87179487179487,4.6027397260274014,302,336,3,5,5,0,1,0,1,119,8,1,-6.5,6.5,1,0,27.0,87.0,3.22,0.4113888888888888,40.0,4.673913043478262,4.0,3.0
294,300,294,BUCCANEERS,CARDINALS,10,1,0,30,27,51.0,5.85897435897436,6.41538461538462,457,417,3,2,4,1,0,0,1,124,3,6,-5.5,5.5,1,0,26.0,118.0,4.54,0.6008333333333333,94.0,7.0625,3.0,3.0
295,301,295,TITANS,CHIEFS,10,1,0,35,32,49.0,7.5714,6.7949,371,530,1,2,4,1,0,1,0,129,5,5,6.0,-6.0,0,1,26.0,225.0,8.65,0.3688888888888889,64.0,7.684210526315789,0.0,0.0
296,302,296,CARDINALS,49ERS,11,0,1,26,36,44.0,4.2903,6.697,266,442,2,2,4,0,1,0,1,109,3,7,10.0,-10.0,0,1,25.0,135.0,5.4,0.5230555555555556,104.0,3.9696969696969697,2.0,2.0
297,303,297,FALCONS,PANTHERS,11,0,1,29,3,49.0,5.7213,4.9571,349,347,0,5,3,1,0,1,0,106,3,7,4.0,-4.0,0,1,26.0,54.0,2.08,0.523888888888889,20.0,9.21875,4.0,3.0
298,304,298,RAVENS,TEXANS,11,1,0,41,7,51.0,7.671875,4.07017543859649,491,232,0,7,0,1,0,1,0,112,8,2,-4.5,4.5,1,0,37.0,256.0,6.92,0.6052777777777778,65.0,8.703703703703704,3.0,2.0
299,305,299,BILLS,DOLPHINS,11,0,1,37,20,41.5,6.32835820895522,4.66153846153846,424,303,0,7,0,1,0,1,0,114,7,3,-7.0,7.0,1,0,34.0,168.0,4.94,0.5025,50.0,7.757575757575758,3.0,3.0
300,306,300,PANTHERS,FALCONS,11,1,0,3,29,49.0,4.95714285714286,5.72131147540984,347,349,4,3,5,0,1,0,1,106,5,5,-4.0,4.0,1,0,15.0,77.0,5.13,0.476111111111111,68.0,5.4,1.0,1.0
301,307,301,BEARS,RAMS,11,0,1,7,17,40.0,3.6081,5.4423,267,283,1,0,3,0,1,0,1,107,4,6,6.0,-6.0,0,1,24.0,74.0,3.08,0.5455555555555556,25.0,4.1063829787234045,2.0,0.0
302,308,302,BENGALS,RAIDERS,11,0,1,10,17,48.0,4.2414,5.8485,246,386,2,3,5,0,1,1,0,108,0,10,13.0,-13.0,0,1,22.0,173.0,7.86,0.4105555555555556,40.0,2.3548387096774195,2.0,1.0
303,309,303,BROWNS,STEELERS,11,1,0,21,7,41.5,4.30882352941176,3.6875,293,236,0,4,1,1,0,1,0,118,4,6,-3.0,3.0,1,0,35.0,104.0,2.97,0.5661111111111111,121.0,5.90625,2.0,0.0
304,310,304,COWBOYS,LIONS,11,0,1,35,27,46.5,7.1690140845070385,5.47368421052632,509,312,1,3,1,1,0,1,0,111,6,4,-7.5,7.5,1,0,24.0,75.0,3.13,0.515,45.0,9.434782608695652,2.0,2.0
305,311,305,BRONCOS,VIKINGS,11,0,1,23,27,40.5,5.2533,5.5345,394,321,1,5,2,0,1,1,0,110,3,7,10.5,-10.5,0,1,33.0,124.0,3.76,0.6119444444444444,35.0,6.75,4.0,3.0
306,312,306,LIONS,COWBOYS,11,1,0,27,35,46.5,5.4737,7.169,312,509,0,1,3,0,1,0,1,111,3,6,7.5,-7.5,0,1,28.0,121.0,4.32,0.485,89.0,7.346153846153847,0.0,0.0
307,313,307,TEXANS,RAVENS,11,0,1,7,41,51.0,4.0702,7.6719,232,491,2,0,7,0,1,0,1,112,6,4,4.5,-4.5,0,1,20.0,122.0,6.1,0.3947222222222223,60.0,3.6666666666666665,1.0,0.0
308,314,308,COLTS,JAGUARS,11,1,0,33,13,41.5,6.174603174603178,5.31034482758621,389,308,2,2,3,1,0,1,0,113,6,4,-2.5,2.5,1,0,36.0,264.0,7.33,0.5644444444444444,20.0,5.208333333333333,1.0,1.0
309,315,309,JAGUARS,COLTS,11,0,1,13,33,41.5,5.3103,6.1746,308,389,1,3,2,0,1,0,1,113,4,6,2.5,-2.5,0,1,9.0,29.0,3.22,0.4355555555555556,81.0,5.9361702127659575,1.0,0.0
310,316,310,CHIEFS,CHARGERS,11,0,1,24,17,52.5,5.16666666666667,6.0,310,438,1,2,1,1,0,1,0,105,7,4,-6.0,6.0,1,0,27.0,130.0,4.81,0.4827777777777778,102.0,5.625,1.0,1.0
311,317,311,CHARGERS,CHIEFS,11,1,0,17,24,52.5,6.0,5.1667,438,310,4,1,2,0,1,0,1,105,4,7,6.0,-6.0,0,1,19.0,93.0,4.89,0.5172222222222222,60.0,6.634615384615384,4.0,3.0
312,318,312,RAMS,BEARS,11,1,0,17,7,40.0,5.442307692307692,3.6081081081081097,283,267,2,3,0,1,0,1,0,107,6,4,-6.0,6.0,1,0,34.0,110.0,3.24,0.4544444444444444,34.0,9.611111111111109,1.0,1.0
313,319,313,DOLPHINS,BILLS,11,1,0,20,37,41.5,4.6615,6.3284,303,424,1,0,7,0,1,0,1,114,2,8,7.0,-7.0,0,1,13.0,23.0,1.77,0.4975,44.0,6.222222222222222,0.0,0.0
314,320,314,VIKINGS,BRONCOS,11,1,0,27,23,40.5,5.53448275862069,5.25333333333333,321,394,2,2,5,1,0,0,1,110,8,3,-10.5,10.5,1,0,18.0,37.0,2.06,0.3880555555555556,49.0,8.114285714285714,0.0,0.0
315,321,315,SAINTS,BUCCANEERS,11,0,1,34,17,50.5,5.125,5.4754098360655705,328,334,0,2,1,1,0,1,0,117,8,2,-5.0,5.0,1,0,28.0,109.0,3.89,0.6166666666666667,76.0,6.257142857142857,2.0,2.0
316,322,316,PATRIOTS,EAGLES,11,0,1,17,10,45.0,4.19718309859155,3.86363636363636,298,255,0,5,1,1,0,1,0,116,9,1,-4.5,4.5,1,0,22.0,74.0,3.36,0.4736111111111111,89.0,4.666666666666667,3.0,3.0
317,323,317,JETS,REDSKINS,11,0,1,34,17,37.5,6.0606,3.6885,400,225,2,6,2,1,0,1,0,115,3,7,2.5,-2.5,0,1,33.0,115.0,3.48,0.5386111111111112,55.0,9.193548387096774,1.0,0.0
318,324,318,RAIDERS,BENGALS,11,1,0,17,10,48.0,5.8484848484848495,4.24137931034483,386,246,2,5,3,1,0,0,1,108,6,4,-13.0,13.0,1,0,34.0,113.0,3.32,0.5894444444444444,42.0,9.413793103448276,1.0,1.0
319,325,319,EAGLES,PATRIOTS,11,1,0,10,17,45.0,3.8636,4.1972,255,298,1,1,5,0,1,0,1,116,5,5,4.5,-4.5,0,1,21.0,81.0,3.86,0.5263888888888889,39.0,4.35,1.0,1.0
320,326,320,STEELERS,BROWNS,11,0,1,7,21,41.5,3.6875,4.3088,236,293,4,1,4,0,1,0,1,118,5,5,3.0,-3.0,0,1,16.0,58.0,3.63,0.4338888888888889,41.0,4.045454545454546,1.0,0.0
321,327,321,49ERS,CARDINALS,11,1,0,36,26,44.0,6.6969696969697,4.29032258064516,442,266,2,4,2,1,0,1,0,109,9,1,-10.0,10.0,1,0,19.0,34.0,1.79,0.4769444444444444,127.0,9.066666666666666,1.0,1.0
322,328,322,BUCCANEERS,SAINTS,11,1,0,17,34,50.5,5.4754,5.125,334,328,4,1,2,0,1,0,1,117,3,7,5.0,-5.0,0,1,8.0,36.0,4.5,0.38333333333333336,55.0,5.8431372549019605,1.0,1.0
323,329,323,REDSKINS,JETS,11,1,0,17,34,37.5,3.68852459016393,6.06060606060606,225,400,1,2,6,0,1,0,1,115,1,9,-2.5,2.5,1,0,20.0,54.0,2.7,0.4613888888888889,66.0,4.885714285714286,2.0,1.0
324,330,324,FALCONS,BUCCANEERS,12,1,0,22,35,51.5,4.2125,7.19354838709677,337,446,2,0,6,0,1,0,1,102,3,8,-3.5,3.5,1,0,19.0,57.0,3.0,0.5272222222222223,60.0,5.090909090909091,3.0,3.0
325,331,325,RAVENS,RAMS,12,0,1,45,6,47.0,6.4864864864864895,4.60416666666667,480,221,0,2,3,1,0,1,0,91,9,2,-3.5,3.5,1,0,48.0,285.0,5.94,0.6655555555555556,66.0,8.478260869565217,1.0,1.0
326,332,326,BILLS,BRONCOS,12,1,0,20,3,37.0,5.808219178082192,2.91304347826087,424,134,1,4,1,1,0,1,0,95,8,3,-3.5,3.5,1,0,47.0,244.0,5.19,0.5844444444444444,90.0,7.2,2.0,2.0
327,333,327,PANTHERS,SAINTS,12,0,1,31,34,46.0,5.087,7.0847,351,418,1,2,4,0,1,1,0,92,5,6,10.0,-10.0,0,1,29.0,121.0,4.17,0.5258333333333334,25.0,6.388888888888888,3.0,2.0
328,334,328,BEARS,GIANTS,12,1,0,19,14,41.0,4.855072463768121,4.18965517241379,335,243,2,1,2,1,0,0,1,99,5,6,-6.0,6.0,1,0,26.0,65.0,2.5,0.5530555555555555,40.0,6.585365853658537,2.0,2.0
329,335,329,BENGALS,STEELERS,12,1,0,10,16,37.5,4.7843,4.9706,244,338,2,3,4,0,1,0,1,93,0,11,6.5,-6.5,0,1,21.0,86.0,4.1,0.4222222222222222,79.0,6.0769230769230775,1.0,1.0
330,336,330,BROWNS,DOLPHINS,12,1,0,41,24,45.5,6.97014925373134,4.50793650793651,467,284,1,4,1,1,0,1,0,98,5,6,-11.0,11.0,1,0,32.0,147.0,4.59,0.6016666666666666,70.0,9.411764705882351,3.0,2.0
331,337,331,COWBOYS,PATRIOTS,12,0,1,9,13,44.0,5.4407,4.2727,321,282,1,2,0,0,1,1,0,94,6,5,5.5,-5.5,0,1,26.0,109.0,4.19,0.5061111111111111,50.0,6.424242424242424,4.0,3.0
332,338,332,BRONCOS,BILLS,12,0,1,3,20,37.0,2.9130000000000003,5.8082,134,424,1,1,4,0,1,0,1,95,3,8,3.5,-3.5,0,1,17.0,85.0,5.0,0.4155555555555556,70.0,1.96,1.0,1.0
333,339,333,LIONS,REDSKINS,12,0,1,16,19,39.0,5.12676056338028,4.03508771929825,364,230,4,3,6,0,1,0,1,103,3,7,-4.0,4.0,1,0,32.0,175.0,5.47,0.5583333333333333,65.0,5.727272727272728,4.0,3.0
334,340,334,PACKERS,49ERS,12,0,1,8,37,48.0,2.8286,7.5333,198,339,1,3,5,0,1,0,1,96,8,3,3.0,-3.0,0,1,28.0,117.0,4.18,0.5877777777777778,50.0,2.189189189189189,0.0,0.0
335,342,335,TEXANS,COLTS,12,1,0,20,17,46.0,7.2,4.553846153846151,396,296,1,1,1,1,0,0,1,104,7,4,-3.5,3.5,1,0,24.0,99.0,4.13,0.4452777777777778,27.0,9.9,2.0,2.0
336,343,336,COLTS,TEXANS,12,0,1,17,20,46.0,4.5538,7.2,296,396,0,1,1,0,1,1,0,104,6,5,3.5,-3.5,0,1,39.0,175.0,4.49,0.5547222222222222,29.0,4.84,1.0,1.0
337,344,337,JAGUARS,TITANS,12,0,1,20,42,42.0,4.7308,9.0577,369,471,1,1,3,0,1,0,1,97,4,7,4.5,-4.5,0,1,27.0,117.0,4.33,0.6155555555555555,104.0,5.25,2.0,2.0
338,345,338,RAMS,RAVENS,12,1,0,6,45,47.0,4.6042,6.4865,221,480,2,3,2,0,1,0,1,91,6,5,3.5,-3.5,0,1,9.0,22.0,2.44,0.33444444444444443,56.0,5.378378378378378,2.0,2.0
339,346,339,DOLPHINS,BROWNS,12,0,1,24,41,45.5,4.5079,6.9701,284,467,2,1,4,0,1,0,1,98,2,9,11.0,-11.0,0,1,20.0,92.0,4.6,0.3983333333333334,94.0,4.9230769230769225,1.0,1.0
340,347,340,SAINTS,PANTHERS,12,1,0,34,31,46.0,7.08474576271186,5.08695652173913,418,351,1,4,2,1,0,0,1,92,9,2,-10.0,10.0,1,0,18.0,118.0,6.56,0.4741666666666666,123.0,7.6923076923076925,2.0,2.0
341,348,341,PATRIOTS,COWBOYS,12,1,0,13,9,44.0,4.27272727272727,5.4406779661017,282,321,0,0,2,1,0,0,1,94,10,1,-5.5,5.5,1,0,27.0,101.0,3.74,0.4938888888888889,56.0,4.891891891891891,4.0,2.0
342,349,342,GIANTS,BEARS,12,0,1,14,19,41.0,4.1897,4.8551,243,335,1,2,1,0,1,1,0,99,2,9,6.0,-6.0,0,1,21.0,109.0,5.19,0.4469444444444445,35.0,3.7222222222222223,2.0,0.0
343,350,343,JETS,RAIDERS,12,1,0,34,3,45.0,6.6833,3.6491,401,208,1,1,1,1,0,1,0,100,4,7,3.0,-3.0,0,1,30.0,88.0,2.93,0.525,37.0,10.79310344827586,3.0,2.0
344,351,344,RAIDERS,JETS,12,0,1,3,34,45.0,3.649122807017541,6.68333333333333,208,401,2,1,1,0,1,0,1,100,6,5,-3.0,3.0,1,0,22.0,68.0,3.09,0.475,35.0,4.117647058823529,2.0,1.0
345,352,345,EAGLES,SEAHAWKS,12,1,0,9,17,45.5,4.8451,6.1053,344,348,5,6,3,0,1,0,1,101,5,6,2.0,-2.0,0,1,23.0,106.0,4.61,0.5319444444444444,15.0,5.288888888888889,1.0,1.0
346,354,346,STEELERS,BENGALS,12,0,1,16,10,37.5,4.97058823529412,4.7843137254902,338,244,1,4,3,1,0,1,0,93,6,5,-6.5,6.5,1,0,38.0,159.0,4.18,0.5777777777777777,77.0,6.62962962962963,3.0,3.0
347,355,347,SEAHAWKS,EAGLES,12,0,1,17,9,45.5,6.10526315789474,4.84507042253521,348,344,2,3,6,1,0,1,0,101,9,2,-2.0,2.0,1,0,26.0,174.0,6.69,0.4680555555555556,90.0,6.96,1.0,1.0
348,357,348,49ERS,PACKERS,12,1,0,37,8,48.0,7.53333333333333,2.8285714285714305,339,198,0,5,3,1,0,1,0,96,10,1,-8.0,8.0,1,0,22.0,112.0,5.09,0.41222222222222216,78.0,11.35,3.0,3.0
349,359,349,BUCCANEERS,FALCONS,12,0,1,35,22,51.5,7.1935,4.2125,446,337,2,6,0,1,0,1,0,102,4,7,3.5,-3.5,0,1,34.0,133.0,3.91,0.4727777777777778,51.0,11.178571428571427,1.0,1.0
350,360,350,TITANS,JAGUARS,12,1,0,42,20,42.0,9.05769230769231,4.730769230769232,471,369,2,3,1,1,0,1,0,97,6,5,-4.5,4.5,1,0,33.0,219.0,6.64,0.3844444444444445,54.0,14.0,0.0,0.0
351,361,351,REDSKINS,LIONS,12,1,0,19,16,39.0,4.0351,5.1268,230,364,2,6,3,1,0,1,0,103,2,9,4.0,-4.0,0,1,24.0,86.0,3.58,0.4416666666666667,63.0,4.8,4.0,4.0
352,362,352,CARDINALS,RAMS,13,1,0,7,34,47.0,3.2459,7.2237,198,549,1,1,6,0,1,0,1,78,3,8,2.5,-2.5,0,1,21.0,74.0,3.52,0.4230555555555556,7.0,3.647058823529412,0.0,0.0
353,363,353,FALCONS,SAINTS,13,1,0,18,26,48.0,4.0941,5.6939,348,279,3,0,9,0,1,0,1,88,3,9,7.0,-7.0,0,1,26.0,89.0,3.42,0.5936111111111112,18.0,5.18,3.0,2.0
354,364,354,RAVENS,49ERS,13,1,0,20,17,45.0,4.56451612903226,6.36538461538462,283,331,1,2,1,1,0,0,1,86,10,2,-5.5,5.5,1,0,38.0,178.0,4.68,0.5405555555555556,23.0,4.565217391304348,2.0,2.0
355,365,355,BILLS,COWBOYS,13,0,1,26,15,46.5,5.6508,5.9167,356,426,0,4,4,1,0,1,0,89,9,3,6.5,-6.5,0,1,34.0,124.0,3.65,0.555,53.0,9.28,3.0,2.0
356,366,356,PANTHERS,REDSKINS,13,1,0,21,29,38.5,3.80821917808219,6.0333333333333306,278,362,2,5,7,0,1,0,1,87,5,7,-10.5,10.5,1,0,20.0,65.0,3.25,0.4897222222222222,43.0,4.630434782608695,0.0,0.0
357,367,357,BEARS,LIONS,13,0,1,24,20,37.5,6.75806451612903,5.432835820895518,419,364,1,2,1,1,0,0,1,90,6,6,-5.5,5.5,1,0,23.0,88.0,3.83,0.5138888888888888,89.0,8.710526315789473,1.0,1.0
358,368,358,BENGALS,JETS,13,1,0,22,6,43.0,4.3968,3.9275,277,271,0,4,1,1,0,1,0,76,1,11,3.0,-3.0,0,1,25.0,44.0,1.76,0.5280555555555556,15.0,6.297297297297297,3.0,2.0
359,369,359,BROWNS,STEELERS,13,0,1,13,20,40.0,4.42857142857143,5.981481481481482,279,323,2,1,5,0,1,0,1,84,5,7,-2.5,2.5,1,0,24.0,106.0,4.42,0.5349999999999999,34.0,5.088235294117646,2.0,2.0
360,370,360,COWBOYS,BILLS,13,1,0,15,26,46.5,5.91666666666667,5.65079365079365,426,356,2,4,4,0,1,0,1,89,6,6,-6.5,6.5,1,0,19.0,103.0,5.42,0.445,66.0,6.591836734693878,2.0,0.0
361,371,361,BRONCOS,CHARGERS,13,1,0,23,20,39.0,4.1132,5.8852,218,359,1,3,0,1,0,1,0,79,4,8,4.0,-4.0,0,1,25.0,84.0,3.36,0.4641666666666666,25.0,4.785714285714286,3.0,3.0
362,372,362,LIONS,BEARS,13,1,0,20,24,37.5,5.4328,6.7581,364,419,1,1,2,0,1,1,0,90,3,8,5.5,-5.5,0,1,27.0,105.0,3.89,0.4861111111111111,85.0,6.815789473684211,2.0,2.0
363,373,363,PACKERS,GIANTS,13,0,1,31,13,43.5,5.457627118644072,5.234375,322,335,0,0,0,1,0,1,0,83,9,3,-7.0,7.0,1,0,26.0,79.0,3.04,0.4786111111111111,54.0,7.363636363636362,1.0,1.0
364,374,364,TEXANS,PATRIOTS,13,1,0,28,22,47.0,5.3077,5.6709,276,448,0,3,3,1,0,1,0,80,8,4,3.5,-3.5,0,1,23.0,52.0,2.26,0.4236111111111111,79.0,8.615384615384615,0.0,0.0
365,375,365,COLTS,TITANS,13,1,0,17,31,41.5,5.8358,5.0345,391,292,3,6,3,0,1,0,1,77,6,6,1.0,-1.0,0,1,24.0,82.0,3.42,0.5419444444444445,40.0,7.725,4.0,1.0
366,376,366,JAGUARS,BUCCANEERS,13,1,0,11,28,46.5,3.8413,4.6324,242,315,4,4,5,0,1,0,1,81,4,8,3.0,-3.0,0,1,17.0,49.0,2.88,0.4411111111111111,121.0,4.7073170731707314,1.0,1.0
367,377,367,CHIEFS,RAIDERS,13,1,0,40,9,49.5,4.38983050847458,5.82456140350877,259,332,0,2,1,1,0,1,0,85,8,4,-11.5,11.5,1,0,29.0,96.0,3.31,0.4719444444444444,0.0,5.620689655172414,1.0,1.0
368,378,368,CHARGERS,BRONCOS,13,0,1,20,23,39.0,5.88524590163934,4.11320754716981,359,218,2,0,3,0,1,0,1,79,4,8,-4.0,4.0,1,0,29.0,115.0,3.97,0.5358333333333334,82.0,8.413793103448276,3.0,2.0
369,379,369,RAMS,CARDINALS,13,0,1,34,7,47.0,7.223684210526319,3.24590163934426,549,198,0,6,1,1,0,1,0,78,7,5,-2.5,2.5,1,0,30.0,132.0,4.4,0.5769444444444445,81.0,9.266666666666667,3.0,2.0
370,380,370,DOLPHINS,EAGLES,13,1,0,37,31,45.0,6.4921,5.7612,409,386,1,2,3,1,0,1,0,82,3,9,10.5,-10.5,0,1,20.0,58.0,2.9,0.5216666666666667,59.0,8.775,1.0,1.0
371,381,371,VIKINGS,SEAHAWKS,13,0,1,30,37,48.0,6.8077,5.8421,354,444,3,2,0,0,1,0,1,75,8,4,2.5,-2.5,0,1,14.0,78.0,5.57,0.3375,30.0,7.263157894736842,1.0,1.0
372,382,372,SAINTS,FALCONS,13,0,1,26,18,48.0,5.69387755102041,4.09411764705882,279,348,0,9,0,1,0,1,0,88,10,2,-7.0,7.0,1,0,18.0,95.0,5.28,0.4063888888888888,121.0,5.935483870967742,4.0,4.0
373,383,373,PATRIOTS,TEXANS,13,0,1,22,28,47.0,5.67088607594937,5.307692307692308,448,276,1,3,3,0,1,0,1,80,10,2,-3.5,3.5,1,0,29.0,145.0,5.0,0.5763888888888888,60.0,6.446808510638298,1.0,1.0
374,384,374,GIANTS,PACKERS,13,1,0,13,31,43.5,5.2344,5.4576,335,322,3,0,0,0,1,0,1,83,2,10,7.0,-7.0,0,1,27.0,95.0,3.52,0.5213888888888889,31.0,6.486486486486488,2.0,2.0
375,385,375,JETS,BENGALS,13,0,1,6,22,43.0,3.92753623188406,4.3968253968254,271,277,0,1,4,0,1,0,1,76,4,8,-3.0,3.0,1,0,17.0,62.0,3.65,0.4719444444444444,106.0,4.354166666666667,2.0,2.0
376,386,376,RAIDERS,CHIEFS,13,0,1,9,40,49.5,5.8246,4.3898,332,259,3,1,2,0,1,0,1,85,6,6,11.5,-11.5,0,1,25.0,122.0,4.88,0.5280555555555556,99.0,7.0,2.0,1.0
377,387,377,EAGLES,DOLPHINS,13,0,1,31,37,45.0,5.76119402985075,6.49206349206349,386,409,1,3,2,0,1,0,1,82,5,7,-10.5,10.5,1,0,19.0,92.0,4.84,0.4783333333333333,91.0,6.391304347826088,4.0,3.0
378,388,378,STEELERS,BROWNS,13,1,0,20,13,40.0,5.9815,4.4286,323,279,1,5,1,1,0,1,0,84,7,5,2.5,-2.5,0,1,32.0,124.0,3.88,0.465,65.0,9.476190476190476,2.0,2.0
379,389,379,SEAHAWKS,VIKINGS,13,1,0,37,30,48.0,5.842105263157902,6.807692307692308,444,354,2,0,2,1,0,1,0,75,10,2,-2.5,2.5,1,0,43.0,218.0,5.07,0.6625000000000001,30.0,7.290322580645161,3.0,3.0
380,390,380,49ERS,RAVENS,13,0,1,17,20,45.0,6.3654,4.5645,331,283,1,1,2,0,1,1,0,86,10,2,5.5,-5.5,0,1,29.0,174.0,6.0,0.4594444444444444,54.0,7.476190476190476,2.0,1.0
381,391,381,BUCCANEERS,JAGUARS,13,0,1,28,11,46.5,4.63235294117647,3.84126984126984,315,242,1,5,4,1,0,1,0,81,5,7,-3.0,3.0,1,0,31.0,74.0,2.39,0.5588888888888889,44.0,7.303030303030303,2.0,2.0
382,392,382,TITANS,COLTS,13,0,1,31,17,41.5,5.03448275862069,5.83582089552239,292,391,2,3,6,1,0,1,0,77,7,5,-1.0,1.0,1,0,30.0,154.0,5.13,0.4580555555555556,33.0,6.2727272727272725,1.0,1.0
383,393,383,REDSKINS,PANTHERS,13,0,1,29,21,38.5,6.0333,3.8082,362,278,0,7,5,1,0,1,0,87,3,9,10.5,-10.5,0,1,30.0,248.0,8.27,0.5102777777777778,65.0,4.56,4.0,3.0
384,394,384,CARDINALS,STEELERS,14,1,0,17,23,43.5,4.1404,4.8246,236,275,3,3,5,0,1,0,1,64,3,9,2.5,-2.5,0,1,22.0,71.0,3.23,0.4683333333333333,75.0,5.5,1.0,1.0
385,395,385,FALCONS,PANTHERS,14,1,0,40,20,48.0,6.88059701492537,5.07352941176471,461,345,0,5,1,1,0,1,0,61,4,9,-3.5,3.5,1,0,32.0,159.0,4.97,0.528888888888889,58.0,8.882352941176471,4.0,4.0
386,396,386,RAVENS,BILLS,14,0,1,24,17,44.0,4.35593220338983,3.07352941176471,257,209,1,6,1,1,0,1,0,60,11,2,-6.5,6.5,1,0,33.0,118.0,3.58,0.5469444444444445,99.0,5.56,1.0,1.0
387,397,387,BILLS,RAVENS,14,1,0,17,24,44.0,3.0735,4.3559,209,257,1,1,6,0,1,0,1,60,9,4,6.5,-6.5,0,1,23.0,104.0,4.52,0.4530555555555555,49.0,2.6923076923076925,3.0,3.0
388,398,388,PANTHERS,FALCONS,14,0,1,20,40,48.0,5.0735,6.8806,345,461,4,1,5,0,1,0,1,61,5,8,3.5,-3.5,0,1,22.0,100.0,4.55,0.4711111111111111,44.0,5.975609756097561,2.0,2.0
389,399,389,BEARS,COWBOYS,14,1,0,31,24,43.0,5.7015,5.589,382,408,2,2,2,1,0,1,0,74,7,6,3.0,-3.0,0,1,34.0,151.0,4.44,0.5383333333333333,30.0,7.451612903225807,1.0,1.0
390,400,390,BENGALS,BROWNS,14,0,1,19,27,43.0,6.2639,6.4038,451,333,1,1,2,0,1,0,1,62,1,12,7.0,-7.0,0,1,31.0,179.0,5.77,0.5752777777777778,99.0,6.974358974358975,4.0,4.0
391,401,391,BROWNS,BENGALS,14,1,0,27,19,43.0,6.4038461538461515,6.263888888888888,333,451,2,2,1,1,0,1,0,62,6,7,-7.0,7.0,1,0,27.0,146.0,5.41,0.4247222222222222,30.0,7.791666666666668,2.0,2.0
392,402,392,COWBOYS,BEARS,14,0,1,24,31,43.0,5.58904109589041,5.701492537313429,408,382,0,2,2,0,1,0,1,74,6,7,-3.0,3.0,1,0,22.0,82.0,3.73,0.4616666666666666,52.0,6.653061224489796,2.0,1.0
393,403,393,BRONCOS,TEXANS,14,0,1,38,24,42.5,7.1091,5.52,391,414,1,3,1,1,0,1,0,65,5,8,8.0,-8.0,0,1,27.0,90.0,3.33,0.5236111111111111,50.0,11.148148148148149,1.0,1.0
394,404,394,LIONS,VIKINGS,14,0,1,7,20,43.5,3.4478,5.0571,231,354,2,1,5,0,1,0,1,66,3,9,12.0,-12.0,0,1,22.0,70.0,3.18,0.4380555555555556,28.0,4.025,1.0,0.0
395,405,395,PACKERS,REDSKINS,14,1,0,20,15,42.5,5.68333333333333,4.4406779661017,341,262,1,4,4,1,0,0,1,73,10,3,-13.0,13.0,1,0,28.0,174.0,6.21,0.5066666666666666,34.0,5.9642857142857135,2.0,2.0
396,406,396,TEXANS,BRONCOS,14,1,0,24,38,42.5,5.52,7.10909090909091,414,391,3,1,3,0,1,0,1,65,8,5,-8.0,8.0,1,0,22.0,134.0,6.09,0.4763888888888889,44.0,5.6,1.0,1.0
397,407,397,COLTS,BUCCANEERS,14,0,1,35,38,46.5,5.2373,6.9487,309,542,1,1,1,0,1,0,1,63,6,7,3.0,-3.0,0,1,22.0,66.0,3.0,0.4291666666666667,35.0,6.75,3.0,2.0
398,408,398,JAGUARS,CHARGERS,14,1,0,10,45,42.0,4.0,9.0517,252,525,0,1,2,0,1,0,1,67,4,9,3.5,-3.5,0,1,23.0,88.0,3.83,0.5102777777777778,101.0,4.3157894736842115,1.0,1.0
399,409,399,CHIEFS,PATRIOTS,14,0,1,23,16,49.5,4.9429,4.4839,346,278,2,3,1,1,0,1,0,68,9,4,3.0,-3.0,0,1,29.0,75.0,2.59,0.5725,136.0,6.775,3.0,3.0
400,410,400,CHARGERS,JAGUARS,14,0,1,45,10,42.0,9.05172413793103,4.0,525,252,0,2,1,1,0,1,0,67,5,8,-3.5,3.5,1,0,30.0,195.0,6.5,0.4897222222222222,65.0,12.222222222222221,1.0,1.0
401,411,401,RAMS,SEAHAWKS,14,1,0,28,12,47.5,6.7910447761194,4.96774193548387,455,308,2,5,0,1,0,1,0,71,8,5,-1.0,1.0,1,0,35.0,162.0,4.63,0.5177777777777778,20.0,9.15625,1.0,0.0
402,412,402,DOLPHINS,JETS,14,0,1,21,22,47.0,5.5692,5.4203,362,374,1,1,2,0,1,1,0,69,3,10,5.0,-5.0,0,1,26.0,122.0,4.69,0.5016666666666667,48.0,6.486486486486488,8.0,7.0
403,413,403,VIKINGS,LIONS,14,1,0,20,7,43.5,5.0571428571428605,3.4477611940298503,354,231,0,5,1,1,0,1,0,66,9,4,-12.0,12.0,1,0,39.0,120.0,3.08,0.5619444444444444,55.0,7.8,2.0,2.0
404,414,404,SAINTS,49ERS,14,1,0,46,48,45.0,6.838235294117651,8.19047619047619,465,516,1,3,0,0,1,0,1,72,10,3,-1.0,1.0,1,0,27.0,116.0,4.3,0.5230555555555556,50.0,8.512195121951219,2.0,2.0
405,415,405,PATRIOTS,CHIEFS,14,1,0,16,23,49.5,4.48387096774194,4.94285714285714,278,346,1,1,3,0,1,0,1,68,10,3,-3.0,3.0,1,0,22.0,94.0,4.27,0.4275,25.0,4.972972972972973,2.0,1.0
406,416,406,GIANTS,EAGLES,14,0,1,17,23,45.5,4.9038,4.9176,255,418,0,3,2,0,1,1,0,59,2,11,9.5,-9.5,0,1,20.0,73.0,3.65,0.3663888888888889,54.0,6.066666666666666,1.0,1.0
407,417,407,JETS,DOLPHINS,14,1,0,22,21,47.0,5.42028985507246,5.56923076923077,374,362,1,2,1,1,0,0,1,69,5,8,-5.0,5.0,1,0,32.0,112.0,3.5,0.4983333333333333,88.0,7.277777777777778,3.0,3.0
408,418,408,RAIDERS,TITANS,14,1,0,21,42,47.0,5.9167,9.3559,355,552,1,0,2,0,1,0,1,70,6,7,3.0,-3.0,0,1,24.0,97.0,4.04,0.5133333333333333,20.0,7.588235294117648,0.0,0.0
409,419,409,EAGLES,GIANTS,14,1,0,23,17,45.5,4.91764705882353,4.9038461538461515,418,255,1,2,3,1,0,0,1,59,6,7,-9.5,9.5,1,0,32.0,118.0,3.69,0.6336111111111111,30.0,6.0,2.0,1.0
410,420,410,STEELERS,CARDINALS,14,0,1,23,17,43.5,4.82456140350877,4.14035087719298,275,236,2,5,3,1,0,1,0,64,8,5,-2.5,2.5,1,0,35.0,140.0,4.0,0.5316666666666667,20.0,7.105263157894738,3.0,3.0
411,421,411,SEAHAWKS,RAMS,14,0,1,12,28,47.5,4.9677,6.791,308,455,1,0,5,0,1,0,1,71,10,3,1.0,-1.0,0,1,21.0,106.0,5.05,0.4822222222222222,64.0,5.611111111111112,2.0,2.0
412,422,412,49ERS,SAINTS,14,0,1,48,46,45.0,8.1905,6.8382,516,465,1,0,3,1,0,1,0,72,11,2,1.0,-1.0,0,1,24.0,162.0,6.75,0.4769444444444445,67.0,9.833333333333334,2.0,2.0
413,423,413,BUCCANEERS,COLTS,14,1,0,38,35,46.5,6.948717948717951,5.23728813559322,542,309,4,1,1,1,0,1,0,63,6,7,-3.0,3.0,1,0,28.0,75.0,2.68,0.5708333333333333,104.0,9.530612244897961,1.0,1.0
414,424,414,TITANS,RAIDERS,14,0,1,42,21,47.0,9.35593220338983,5.91666666666667,552,355,1,2,0,1,0,1,0,70,8,5,-3.0,3.0,1,0,32.0,161.0,5.03,0.4866666666666667,21.0,14.481481481481481,1.0,0.0
415,425,415,REDSKINS,PACKERS,14,0,1,15,20,42.5,4.4407,5.6833,262,341,1,4,4,0,1,1,0,73,3,10,13.0,-13.0,0,1,28.0,121.0,4.32,0.4933333333333334,25.0,5.222222222222221,1.0,1.0
416,426,416,CARDINALS,BROWNS,15,1,0,38,24,49.0,7.4167,5.8657,445,393,1,1,0,1,0,1,0,49,4,9,3.0,-3.0,0,1,35.0,226.0,6.46,0.4863888888888889,34.0,8.76,1.0,1.0
417,427,417,FALCONS,49ERS,15,0,1,29,22,50.0,4.7541,5.0484,290,313,1,1,2,1,0,1,0,44,5,9,10.5,-10.5,0,1,20.0,89.0,4.45,0.4866666666666667,98.0,5.153846153846153,1.0,1.0
418,428,418,RAVENS,JETS,15,1,0,42,21,44.0,7.28813559322034,5.43859649122807,430,310,0,1,1,1,0,1,0,58,12,2,-17.0,17.0,1,0,34.0,218.0,6.41,0.5272222222222223,35.0,8.833333333333334,0.0,0.0
419,429,419,BILLS,STEELERS,15,0,1,17,10,37.0,4.0781,4.0893,261,229,2,4,1,1,0,1,0,45,10,4,1.0,-1.0,0,1,38.0,130.0,3.42,0.5388888888888889,70.0,5.24,1.0,1.0
420,430,420,PANTHERS,SEAHAWKS,15,1,0,24,30,48.5,5.75,6.7937,414,428,3,2,1,0,1,0,1,46,5,9,6.0,-6.0,0,1,29.0,145.0,5.0,0.4783333333333333,15.0,6.404761904761906,1.0,1.0
421,431,421,BEARS,PACKERS,15,0,1,13,21,40.0,5.0,5.0345,415,292,3,1,3,0,1,0,1,47,7,7,4.0,-4.0,0,1,27.0,96.0,3.56,0.5727777777777777,35.0,6.018867924528303,2.0,2.0
422,432,422,BENGALS,PATRIOTS,15,1,0,13,34,42.0,5.0,4.619,315,291,5,2,0,0,1,0,1,48,1,13,10.5,-10.5,0,1,32.0,164.0,5.13,0.5475,25.0,4.870967741935483,2.0,2.0
423,433,423,BROWNS,CARDINALS,15,0,1,24,38,49.0,5.86567164179104,7.41666666666667,393,445,2,0,1,0,1,0,1,49,6,8,-3.0,3.0,1,0,23.0,152.0,6.61,0.5136111111111111,55.0,5.604651162790698,2.0,1.0
424,434,424,COWBOYS,RAMS,15,1,0,44,21,48.5,6.9853,4.25,475,289,0,2,0,1,0,1,0,50,7,7,-1.0,1.0,1,0,45.0,263.0,5.84,0.6016666666666667,16.0,9.217391304347826,3.0,3.0
425,435,425,BRONCOS,CHIEFS,15,0,1,3,23,43.0,4.4035,6.7581,251,419,1,3,2,0,1,0,1,51,5,9,10.0,-10.0,0,1,15.0,52.0,3.47,0.44083333333333335,72.0,4.975,1.0,1.0
426,436,426,LIONS,BUCCANEERS,15,1,0,17,38,46.0,4.6825,6.7808,295,495,3,2,2,0,1,0,1,52,3,10,5.5,-5.5,0,1,18.0,45.0,2.5,0.44472222222222224,10.0,5.813953488372092,1.0,1.0
427,437,427,PACKERS,BEARS,15,1,0,21,13,40.0,5.03448275862069,5.0,292,415,0,3,1,1,0,1,0,47,11,3,-4.0,4.0,1,0,24.0,100.0,4.17,0.4272222222222223,30.0,5.8181818181818175,0.0,0.0
428,438,428,TEXANS,TITANS,15,0,1,24,21,50.0,5.9365,6.4478,374,432,2,2,1,1,0,1,0,53,9,5,3.0,-3.0,0,1,35.0,140.0,4.0,0.5222222222222223,27.0,8.666666666666666,1.0,1.0
429,439,429,COLTS,SAINTS,15,0,1,7,34,48.5,3.9423,6.7302,205,424,0,0,1,0,1,0,1,43,6,8,8.5,-8.5,0,1,17.0,46.0,2.71,0.3938888888888889,49.0,4.676470588235294,0.0,0.0
430,440,430,JAGUARS,RAIDERS,15,0,1,20,16,47.0,4.9434,5.0556,262,364,0,4,2,1,0,1,0,54,5,9,7.0,-7.0,0,1,22.0,77.0,3.5,0.43,87.0,6.379310344827586,2.0,2.0
431,441,431,CHIEFS,BRONCOS,15,1,0,23,3,43.0,6.75806451612903,4.40350877192982,419,251,1,2,3,1,0,1,0,51,10,4,-10.0,10.0,1,0,25.0,92.0,3.68,0.5591666666666666,45.0,9.617647058823527,3.0,3.0
432,442,432,CHARGERS,VIKINGS,15,1,0,10,39,45.0,5.6557,5.5484,345,344,7,0,3,0,1,0,1,56,5,9,1.0,-1.0,0,1,19.0,62.0,3.26,0.4608333333333333,48.0,7.2564102564102555,1.0,1.0
433,443,433,RAMS,COWBOYS,15,0,1,21,44,48.5,4.25,6.98529411764706,289,475,1,0,2,0,1,0,1,50,8,6,1.0,-1.0,0,1,14.0,22.0,1.57,0.3983333333333333,29.0,5.134615384615385,0.0,0.0
434,444,434,DOLPHINS,GIANTS,15,0,1,20,36,47.0,5.5652,6.5397,384,412,1,1,3,0,1,0,1,55,3,11,3.5,-3.5,0,1,25.0,122.0,4.88,0.4813888888888889,42.0,6.390243902439026,3.0,2.0
435,445,435,VIKINGS,CHARGERS,15,0,1,39,10,45.0,5.54838709677419,5.655737704918032,344,345,1,3,0,1,0,1,0,56,10,4,-1.0,1.0,1,0,37.0,137.0,3.7,0.5391666666666667,41.0,8.28,4.0,4.0
436,446,436,SAINTS,COLTS,15,1,0,34,7,48.5,6.730158730158732,3.94230769230769,424,205,0,1,0,1,0,1,0,43,11,3,-8.5,8.5,1,0,33.0,117.0,3.55,0.6061111111111109,52.0,10.233333333333333,2.0,2.0
437,447,437,PATRIOTS,BENGALS,15,0,1,34,13,42.0,4.61904761904762,5.0,291,315,0,0,2,1,0,1,0,48,11,3,-10.5,10.5,1,0,32.0,175.0,5.47,0.4525,30.0,4.0,2.0,2.0
438,448,438,GIANTS,DOLPHINS,15,1,0,36,20,47.0,6.53968253968254,5.56521739130435,412,384,3,3,1,1,0,1,0,55,3,11,-3.5,3.5,1,0,33.0,138.0,4.18,0.5186111111111111,32.0,9.448275862068966,0.0,0.0
439,449,439,JETS,RAVENS,15,0,1,21,42,44.0,5.4386,7.2881,310,430,2,1,1,0,1,0,1,58,5,9,17.0,-17.0,0,1,24.0,103.0,4.29,0.4727777777777778,94.0,6.46875,1.0,0.0
440,450,440,RAIDERS,JAGUARS,15,1,0,16,20,47.0,5.05555555555555,4.94339622641509,364,262,0,2,4,0,1,0,1,54,6,8,-7.0,7.0,1,0,32.0,128.0,4.0,0.5700000000000001,51.0,6.5555555555555545,4.0,3.0
441,451,441,EAGLES,REDSKINS,15,0,1,37,27,38.0,5.68493150684932,6.90196078431373,415,352,1,1,2,1,0,1,0,57,7,7,-6.5,6.5,1,0,28.0,157.0,5.61,0.6158333333333332,54.0,6.0,1.0,1.0
442,452,442,STEELERS,BILLS,15,1,0,10,17,37.0,4.08928571428571,4.078125,229,261,5,1,4,0,1,0,1,45,8,6,-1.0,1.0,1,0,14.0,51.0,3.64,0.4611111111111112,30.0,4.684210526315789,1.0,1.0
443,453,443,SEAHAWKS,PANTHERS,15,0,1,30,24,48.5,6.793650793650791,5.75,428,414,1,1,2,1,0,1,0,46,11,3,-6.0,6.0,1,0,34.0,154.0,4.53,0.5216666666666667,40.0,10.148148148148149,1.0,1.0
444,454,444,49ERS,FALCONS,15,1,0,22,29,50.0,5.04838709677419,4.754098360655741,313,290,2,2,1,0,1,0,1,44,11,3,-10.5,10.5,1,0,27.0,120.0,4.44,0.5133333333333333,67.0,5.6764705882352935,3.0,3.0
445,455,445,BUCCANEERS,LIONS,15,0,1,38,17,46.0,6.780821917808219,4.682539682539679,495,295,1,2,2,1,0,1,0,52,7,7,-5.5,5.5,1,0,29.0,49.0,1.69,0.5552777777777778,70.0,10.619047619047619,2.0,1.0
446,456,446,TITANS,TEXANS,15,1,0,21,24,50.0,6.44776119402985,5.93650793650794,432,374,1,1,2,0,1,0,1,53,8,6,-3.0,3.0,1,0,28.0,163.0,5.82,0.4777777777777778,30.0,7.27027027027027,1.0,0.0
447,457,447,REDSKINS,EAGLES,15,1,0,27,37,38.0,6.902,5.6849,352,415,1,2,1,0,1,0,1,57,3,11,6.5,-6.5,0,1,22.0,101.0,4.59,0.3841666666666667,60.0,8.964285714285714,2.0,2.0
448,458,448,CARDINALS,SEAHAWKS,16,0,1,27,13,51.0,5.971,4.0,412,224,0,5,2,1,0,1,0,31,5,9,8.0,-8.0,0,1,40.0,253.0,6.33,0.5813888888888888,47.0,5.888888888888888,3.0,2.0
449,459,449,FALCONS,JAGUARS,16,1,0,24,12,48.0,7.0958904109589005,4.881355932203388,518,288,2,3,1,1,0,1,0,33,6,9,-7.5,7.5,1,0,27.0,135.0,5.0,0.5519444444444443,64.0,8.511111111111111,2.0,1.0
450,460,450,RAVENS,BROWNS,16,0,1,31,15,48.5,6.774647887323941,4.547169811320759,481,241,1,1,0,1,0,1,0,30,13,2,-10.5,10.5,1,0,40.0,243.0,6.08,0.5719444444444444,50.0,7.67741935483871,1.0,1.0
451,461,451,BILLS,PATRIOTS,16,0,1,17,24,38.5,5.0566,6.0882,268,414,0,0,4,0,1,0,1,40,10,5,7.0,-7.0,0,1,23.0,92.0,4.0,0.3522222222222222,46.0,6.769230769230768,1.0,1.0
452,462,452,PANTHERS,COLTS,16,0,1,6,38,46.0,4.0282,5.2258,286,324,3,3,5,0,1,0,1,28,5,10,7.0,-7.0,0,1,21.0,87.0,4.14,0.5391666666666667,46.0,4.422222222222223,2.0,2.0
453,463,453,BEARS,CHIEFS,16,1,0,3,26,45.5,3.9661,5.5556,234,350,0,1,3,0,1,0,1,29,7,8,7.0,-7.0,0,1,22.0,101.0,4.59,0.44333333333333336,50.0,3.9117647058823533,1.0,1.0
454,464,454,BENGALS,DOLPHINS,16,0,1,35,38,46.0,5.05882352941176,5.7045454545454515,430,502,1,2,4,0,1,0,1,34,1,14,-1.5,1.5,1,0,25.0,59.0,2.36,0.3933333333333333,77.0,6.625,2.0,2.0
455,465,455,BROWNS,RAVENS,16,1,0,15,31,48.5,4.5472,6.7746,241,481,1,0,1,0,1,0,1,30,6,9,10.5,-10.5,0,1,19.0,57.0,3.0,0.4280555555555556,62.0,5.575757575757576,1.0,1.0
456,466,456,COWBOYS,EAGLES,16,0,1,9,17,47.0,5.01612903225807,6.07042253521127,311,431,1,1,2,0,1,0,1,37,7,8,-2.5,2.5,1,0,16.0,54.0,3.38,0.3966666666666667,20.0,5.840909090909091,3.0,3.0
457,467,457,BRONCOS,LIONS,16,1,0,27,17,40.0,5.1940298507462686,3.89795918367347,348,191,0,4,0,1,0,1,0,32,6,9,-8.0,8.0,1,0,33.0,150.0,4.55,0.6022222222222222,50.0,5.8235294117647065,2.0,2.0
458,468,458,LIONS,BRONCOS,16,0,1,17,27,40.0,3.898,5.194,191,348,0,0,4,0,1,0,1,32,3,11,8.0,-8.0,0,1,21.0,96.0,4.57,0.3977777777777778,68.0,3.9583333333333335,1.0,1.0
459,469,459,PACKERS,VIKINGS,16,0,1,23,10,47.0,5.1067,2.6226,383,139,3,5,3,1,0,1,0,27,12,3,4.0,-4.0,0,1,32.0,184.0,5.75,0.6255555555555555,20.0,4.975,3.0,3.0
460,470,460,TEXANS,BUCCANEERS,16,0,1,23,20,50.0,3.63492063492063,6.04166666666667,229,435,2,3,5,1,0,1,0,42,10,5,-3.0,3.0,1,0,26.0,68.0,2.62,0.4922222222222222,35.0,5.03125,3.0,3.0
461,471,461,COLTS,PANTHERS,16,1,0,38,6,46.0,5.2258064516129,4.02816901408451,324,286,0,5,3,1,0,1,0,28,7,8,-7.0,7.0,1,0,32.0,218.0,6.81,0.4608333333333333,0.0,3.9259259259259265,1.0,1.0
462,472,462,JAGUARS,FALCONS,16,0,1,12,24,48.0,4.8814,7.0959,288,518,1,1,3,0,1,0,1,33,5,10,7.5,-7.5,0,1,24.0,115.0,4.79,0.4480555555555556,36.0,5.40625,2.0,2.0
463,473,463,CHIEFS,BEARS,16,0,1,26,3,45.5,5.55555555555555,3.96610169491525,350,234,0,3,1,1,0,1,0,29,11,4,-7.0,7.0,1,0,29.0,106.0,3.66,0.5566666666666666,71.0,7.393939393939394,2.0,2.0
464,474,464,CHARGERS,RAIDERS,16,1,0,17,24,45.0,5.07142857142857,5.90322580645161,284,366,0,3,1,0,1,0,1,38,5,10,-7.5,7.5,1,0,16.0,19.0,1.19,0.4433333333333333,15.0,6.794871794871796,1.0,1.0
465,475,465,RAMS,49ERS,16,0,1,31,34,45.5,5.6429,5.9643,395,334,1,6,0,0,1,1,0,41,8,7,7.0,-7.0,0,1,24.0,72.0,3.0,0.5391666666666667,43.0,7.021739130434782,2.0,1.0
466,476,466,DOLPHINS,BENGALS,16,1,0,38,35,46.0,5.7045,5.0588,502,430,1,4,2,1,0,1,0,34,4,11,1.5,-1.5,0,1,34.0,96.0,2.82,0.6066666666666667,47.0,7.8076923076923075,2.0,1.0
467,477,467,VIKINGS,PACKERS,16,1,0,10,23,47.0,2.62264150943396,5.10666666666667,139,383,1,3,5,0,1,0,1,27,10,5,-4.0,4.0,1,0,16.0,57.0,3.56,0.3744444444444445,30.0,2.5625,1.0,1.0
468,478,468,SAINTS,TITANS,16,0,1,38,28,49.0,5.71212121212121,6.8448275862069,377,397,0,5,3,1,0,1,0,36,12,3,-3.5,3.5,1,0,23.0,102.0,4.43,0.5177777777777778,70.0,6.875,1.0,1.0
469,479,469,PATRIOTS,BILLS,16,1,0,24,17,38.5,6.088235294117651,5.05660377358491,414,268,1,4,0,1,0,1,0,40,12,3,-7.0,7.0,1,0,35.0,143.0,4.09,0.6477777777777778,30.0,8.212121212121213,3.0,3.0
470,480,470,GIANTS,REDSKINS,16,0,1,41,35,42.0,8.0,5.38805970149254,552,361,0,3,1,1,0,1,0,39,4,11,-1.0,1.0,1,0,26.0,206.0,7.92,0.43666666666666665,33.0,8.238095238095237,1.0,0.0
471,481,471,JETS,STEELERS,16,1,0,16,10,36.5,4.3167,3.9394,259,260,1,4,2,1,0,1,0,35,6,9,3.5,-3.5,0,1,32.0,85.0,2.66,0.4744444444444445,30.0,6.6923076923076925,3.0,3.0
472,482,472,RAIDERS,CHARGERS,16,0,1,24,17,45.0,5.9032,5.0714,366,284,0,1,3,1,0,1,0,38,7,8,7.5,-7.5,0,1,29.0,99.0,3.41,0.5566666666666668,47.0,8.9,1.0,1.0
473,483,473,EAGLES,COWBOYS,16,1,0,17,9,47.0,6.0704,5.0161,431,311,0,2,1,1,0,1,0,37,8,7,2.5,-2.5,0,1,30.0,118.0,3.93,0.6033333333333333,30.0,7.825,3.0,1.0
474,484,474,STEELERS,JETS,16,0,1,10,16,36.5,3.93939393939394,4.31666666666667,260,259,2,2,4,0,1,0,1,35,8,7,-3.5,3.5,1,0,25.0,75.0,3.0,0.5255555555555556,34.0,5.0,1.0,1.0
475,485,475,SEAHAWKS,CARDINALS,16,1,0,13,27,51.0,4.0,5.97101449275362,224,412,1,2,5,0,1,0,1,31,11,4,-8.0,8.0,1,0,20.0,91.0,4.55,0.4186111111111112,55.0,4.290322580645161,2.0,2.0
476,486,476,49ERS,RAMS,16,1,0,34,31,45.5,5.96428571428571,5.642857142857139,334,395,2,0,6,1,0,0,1,41,12,3,-7.0,7.0,1,0,23.0,119.0,5.17,0.4608333333333333,26.0,7.962962962962963,2.0,2.0
477,487,477,BUCCANEERS,TEXANS,16,1,0,20,23,50.0,6.0417,3.6349,435,229,5,5,3,0,1,0,1,42,7,8,3.0,-3.0,0,1,21.0,106.0,5.05,0.5077777777777778,45.0,6.854166666666668,3.0,2.0
478,488,478,TITANS,SAINTS,16,1,0,28,38,49.0,6.8448,5.7121,397,377,1,3,5,0,1,0,1,36,8,7,3.5,-3.5,0,1,26.0,149.0,5.73,0.4822222222222222,56.0,9.185185185185183,0.0,0.0
479,489,479,REDSKINS,GIANTS,16,1,0,35,41,42.0,5.3881,8.0,361,552,0,1,3,0,1,0,1,39,3,12,1.0,-1.0,0,1,26.0,80.0,3.08,0.5633333333333334,51.0,7.394736842105262,0.0,0.0
480,490,480,CARDINALS,RAMS,17,0,1,24,31,46.0,6.4426,5.3671,393,424,5,1,1,0,1,0,1,15,5,10,7.0,-7.0,0,1,17.0,71.0,4.18,0.3838888888888889,63.0,7.488372093023256,1.0,1.0
481,491,481,FALCONS,BUCCANEERS,17,0,1,28,22,48.0,4.2874,7.1522,373,329,1,1,6,1,0,1,0,11,7,9,-1.0,1.0,1,0,30.0,87.0,2.9,0.6061111111111109,53.0,5.6078431372549025,5.0,5.0
482,492,482,RAVENS,STEELERS,17,1,0,28,10,35.0,4.4706,3.36,304,168,2,2,3,1,0,1,0,23,14,2,1.0,-1.0,0,1,44.0,223.0,5.07,0.6575,35.0,3.8571428571428568,4.0,4.0
483,493,483,BILLS,JETS,17,1,0,6,13,37.0,5.0656,4.1692,309,271,3,2,1,0,1,0,1,12,10,6,1.0,-1.0,0,1,20.0,73.0,3.65,0.4775,40.0,5.9,2.0,2.0
484,494,484,PANTHERS,SAINTS,17,1,0,10,42,45.0,4.7681,5.6567,329,379,3,1,2,0,1,0,1,13,5,11,13.5,-13.5,0,1,18.0,41.0,2.28,0.4055555555555556,54.0,5.8775510204081645,1.0,1.0
485,495,485,BEARS,VIKINGS,17,0,1,21,19,36.5,4.4933333333333305,6.38297872340426,337,300,1,0,4,1,0,0,1,20,8,8,-3.0,3.0,1,0,34.0,158.0,4.65,0.6277777777777778,34.0,4.837837837837838,4.0,4.0
486,496,486,BENGALS,BROWNS,17,1,0,33,23,44.0,5.3088,5.9057,361,313,1,6,1,1,0,1,0,14,2,14,2.0,-2.0,0,1,39.0,179.0,4.59,0.5780555555555555,20.0,6.5,2.0,2.0
487,497,487,BROWNS,BENGALS,17,0,1,23,33,44.0,5.90566037735849,5.30882352941176,313,361,3,1,6,0,1,0,1,14,6,10,-2.0,2.0,1,0,20.0,74.0,3.7,0.4219444444444445,33.0,8.851851851851851,1.0,1.0
488,498,488,COWBOYS,REDSKINS,17,1,0,47,16,47.5,7.18055555555555,4.59322033898305,517,271,1,2,3,1,0,1,0,26,8,8,-13.5,13.5,1,0,36.0,223.0,6.19,0.5708333333333333,81.0,8.909090909090908,4.0,4.0
489,499,489,BRONCOS,RAIDERS,17,1,0,16,15,41.5,4.17543859649123,6.81428571428571,238,477,1,2,2,1,0,0,1,22,7,9,-4.0,4.0,1,0,27.0,70.0,2.59,0.45,61.0,6.0,4.0,3.0
490,500,490,LIONS,PACKERS,17,1,0,20,23,44.0,5.4464,5.0233,305,432,1,1,1,0,1,1,0,16,3,12,12.5,-12.5,0,1,25.0,171.0,6.84,0.4177777777777778,50.0,4.466666666666667,2.0,2.0
491,501,491,PACKERS,LIONS,17,0,1,23,20,44.0,5.02325581395349,5.446428571428571,432,305,1,1,1,1,0,0,1,16,13,3,-12.5,12.5,1,0,30.0,120.0,4.0,0.5822222222222222,97.0,5.672727272727273,4.0,3.0
492,502,492,TEXANS,TITANS,17,1,0,14,35,43.0,4.6308,7.7833,301,467,1,0,4,0,1,0,1,17,10,6,10.0,-10.0,0,1,25.0,109.0,4.36,0.5275000000000001,35.0,5.333333333333333,0.0,0.0
493,503,493,COLTS,JAGUARS,17,0,1,20,38,41.5,5.0,5.3484848484848495,275,353,2,3,3,0,1,0,1,18,7,9,-6.5,6.5,1,0,27.0,132.0,4.89,0.43527777777777776,36.0,5.72,2.0,2.0
494,504,494,JAGUARS,COLTS,17,1,0,38,20,41.5,5.3485,5.0,353,275,1,3,3,1,0,1,0,18,6,10,6.5,-6.5,0,1,24.0,67.0,2.79,0.5647222222222222,27.0,7.333333333333332,3.0,3.0
495,505,495,CHIEFS,CHARGERS,17,1,0,31,21,46.0,7.0,4.94594594594595,336,366,1,3,0,1,0,1,0,24,12,4,-9.5,9.5,1,0,23.0,162.0,7.04,0.39888888888888896,39.0,6.96,1.0,1.0
496,506,496,CHARGERS,CHIEFS,17,0,1,21,31,46.0,4.9459,7.0,366,336,2,0,3,0,1,0,1,24,5,11,9.5,-9.5,0,1,25.0,108.0,4.32,0.6011111111111109,40.0,5.608695652173912,0.0,0.0
497,507,497,RAMS,CARDINALS,17,1,0,31,24,46.0,5.36708860759494,6.44262295081967,424,393,0,1,1,1,0,1,0,15,9,7,-7.0,7.0,1,0,33.0,113.0,3.42,0.6161111111111109,91.0,6.911111111111111,2.0,1.0
498,508,498,DOLPHINS,PATRIOTS,17,0,1,27,24,46.0,5.7206,6.1754,389,352,0,1,2,1,0,1,0,19,5,11,17.0,-17.0,0,1,22.0,63.0,2.86,0.5641666666666667,35.0,7.409090909090909,2.0,2.0
499,509,499,VIKINGS,BEARS,17,1,0,19,21,36.5,6.382999999999999,4.4933,300,337,3,4,0,0,1,1,0,20,10,6,3.0,-3.0,0,1,26.0,174.0,6.69,0.3722222222222222,40.0,6.0,4.0,4.0
500,510,500,SAINTS,PANTHERS,17,0,1,42,10,45.0,5.6567164179104505,4.768115942028991,379,329,0,2,1,1,0,1,0,13,13,3,-13.5,13.5,1,0,35.0,115.0,3.29,0.5944444444444444,44.0,8.516129032258064,0.0,0.0
501,511,501,PATRIOTS,DOLPHINS,17,1,0,24,27,46.0,6.17543859649123,5.72058823529412,352,389,2,2,1,0,1,0,1,19,12,4,-17.0,17.0,1,0,27.0,135.0,5.0,0.4358333333333333,54.0,7.482758620689656,1.0,1.0
502,512,502,GIANTS,EAGLES,17,1,0,17,34,44.0,5.5139,5.5556,397,400,2,1,4,0,1,0,1,21,4,12,3.5,-3.5,0,1,21.0,122.0,5.81,0.4763888888888889,48.0,5.851063829787233,1.0,1.0
503,513,503,JETS,BILLS,17,0,1,13,6,37.0,4.1692307692307695,5.0655737704918,271,309,1,1,2,1,0,1,0,12,7,9,-1.0,1.0,1,0,27.0,86.0,3.19,0.5225,13.0,5.138888888888889,4.0,2.0
504,514,504,RAIDERS,BRONCOS,17,0,1,15,16,41.5,6.8143,4.1754,477,238,1,2,2,0,1,1,0,22,7,9,4.0,-4.0,0,1,22.0,97.0,4.41,0.55,107.0,8.26086956521739,4.0,3.0
505,515,505,EAGLES,GIANTS,17,0,1,34,17,44.0,5.55555555555555,5.513888888888888,400,397,0,4,1,1,0,1,0,21,9,7,-3.5,3.5,1,0,31.0,121.0,3.9,0.523611111111111,55.0,6.975,2.0,2.0
506,516,506,STEELERS,RAVENS,17,0,1,10,28,35.0,3.36,4.47058823529412,168,304,2,3,2,0,1,0,1,23,8,8,-1.0,1.0,1,0,23.0,91.0,3.96,0.3425,47.0,3.08,1.0,1.0
507,517,507,SEAHAWKS,49ERS,17,1,0,21,26,47.0,4.9014,8.2917,348,398,0,2,1,0,1,0,1,25,11,5,3.5,-3.5,0,1,30.0,125.0,4.17,0.5488888888888889,29.0,5.575,0.0,0.0
508,518,508,49ERS,SEAHAWKS,17,0,1,26,21,47.0,8.29166666666667,4.90140845070423,398,348,0,1,2,1,0,1,0,25,13,3,-3.5,3.5,1,0,24.0,128.0,5.33,0.4511111111111111,57.0,12.272727272727273,2.0,2.0
509,519,509,BUCCANEERS,FALCONS,17,1,0,22,28,48.0,7.15217391304348,4.28735632183908,329,373,3,6,1,0,1,0,1,11,7,9,1.0,-1.0,0,1,21.0,136.0,6.48,0.39388888888888896,97.0,8.041666666666666,3.0,0.0
510,520,510,TITANS,TEXANS,17,0,1,35,14,43.0,7.78333333333333,4.63076923076923,467,301,0,4,0,1,0,1,0,17,9,7,-10.0,10.0,1,0,39.0,245.0,6.28,0.4724999999999999,37.0,10.571428571428571,0.0,0.0
511,521,511,REDSKINS,COWBOYS,17,0,1,16,47,47.5,4.5932,7.1806,271,517,2,3,2,0,1,0,1,26,3,13,13.5,-13.5,0,1,20.0,88.0,4.4,0.4291666666666667,10.0,4.9459459459459465,3.0,3.0
512,522,512,BILLS,TEXANS,18,0,1,19,22,43.0,5.2469,5.5385,425,360,1,7,3,0,1,0,1,9,10,7,2.5,-2.5,0,1,30.0,172.0,5.73,0.5875,64.0,5.270833333333333,4.0,4.0
513,523,513,TEXANS,BILLS,18,1,0,22,19,43.0,5.53846153846154,5.24691358024691,360,425,1,3,7,1,0,1,0,9,11,6,-2.5,2.5,1,0,33.0,141.0,4.27,0.4125,20.0,8.76,2.0,2.0
514,524,514,VIKINGS,SAINTS,18,0,1,26,20,50.0,4.8919,6.0,362,324,1,3,3,1,0,1,0,7,11,6,7.5,-7.5,0,1,40.0,136.0,3.4,0.6155555555555555,26.0,7.290322580645161,2.0,2.0
515,525,515,SAINTS,VIKINGS,18,1,0,20,26,50.0,6.0,4.8918918918918886,324,362,2,3,3,0,1,0,1,7,13,4,-7.5,7.5,1,0,17.0,97.0,5.71,0.3844444444444445,52.0,6.6764705882352935,3.0,2.0
516,526,516,PATRIOTS,TITANS,18,1,0,13,20,45.0,5.20338983050848,4.7719298245614015,307,272,2,1,0,0,1,0,1,10,12,5,-4.5,4.5,1,0,22.0,98.0,4.45,0.4808333333333333,28.0,5.648648648648647,2.0,2.0
517,527,517,EAGLES,SEAHAWKS,18,1,0,9,17,44.0,4.62295081967213,6.70175438596491,282,382,0,1,7,0,1,0,1,8,9,8,2.0,-2.0,0,1,26.0,120.0,4.62,0.5541666666666667,45.0,5.7857142857142865,3.0,3.0
518,529,518,SEAHAWKS,EAGLES,18,0,1,17,9,44.0,6.7018,4.623,382,282,0,7,1,1,0,1,0,8,12,5,-2.0,2.0,1,0,26.0,64.0,2.46,0.44583333333333336,114.0,10.6,2.0,1.0
519,531,519,TITANS,PATRIOTS,18,0,1,20,13,45.0,4.7719,5.2034,272,307,1,0,1,1,0,1,0,10,10,7,4.5,-4.5,0,1,40.0,201.0,5.03,0.5191666666666667,25.0,4.4375,0.0,0.0
520,532,520,RAVENS,TITANS,19,1,0,12,28,47.5,5.76086956521739,5.660377358490571,530,300,3,1,4,0,1,0,1,6,14,3,-10.0,10.0,1,0,29.0,185.0,6.38,0.5349999999999999,56.0,5.8474576271186445,2.0,2.0
521,533,521,PACKERS,SEAHAWKS,19,1,0,28,23,46.0,5.830508474576268,6.25,344,375,0,5,2,1,0,1,0,4,14,3,-4.5,4.5,1,0,30.0,109.0,3.63,0.4913888888888889,30.0,8.703703703703704,0.0,0.0
522,534,522,TEXANS,CHIEFS,19,0,1,31,51,50.5,5.6667,7.614,442,434,1,1,5,0,1,0,1,3,11,7,3.5,-3.5,0,1,21.0,94.0,4.48,0.5763888888888888,87.0,6.6923076923076925,2.0,1.0
523,536,523,CHIEFS,TEXANS,19,1,0,51,31,50.5,7.6140350877193,5.66666666666667,434,442,1,5,1,1,0,1,0,3,13,4,-10.0,10.0,1,0,21.0,118.0,5.62,0.4236111111111112,37.0,9.028571428571428,1.0,1.0
524,538,524,VIKINGS,49ERS,19,0,1,10,27,44.5,3.2667,4.5294,147,308,2,2,6,0,1,0,1,5,11,7,7.0,-7.0,0,1,10.0,21.0,2.1,0.35916666666666663,15.0,4.344827586206897,1.0,1.0
525,539,525,SEAHAWKS,PACKERS,19,0,1,23,28,46.0,6.25,5.8305,375,344,0,2,5,0,1,0,1,4,12,6,4.5,-4.5,0,1,24.0,110.0,4.58,0.5086111111111111,47.0,8.548387096774192,2.0,1.0
526,540,526,49ERS,VIKINGS,19,1,0,27,10,44.5,4.52941176470588,3.2666666666666697,308,147,2,6,2,1,0,1,0,5,14,3,-7.0,7.0,1,0,47.0,186.0,3.96,0.6408333333333334,38.0,6.421052631578947,2.0,2.0
527,541,527,TITANS,RAVENS,19,0,1,28,12,47.5,5.6604,5.7609,300,530,0,4,1,1,0,1,0,6,11,7,10.0,-10.0,0,1,37.0,217.0,5.86,0.465,20.0,5.533333333333332,0.0,0.0
528,542,528,PACKERS,49ERS,20,0,1,20,37,46.5,6.1724,6.9412,358,354,3,1,3,0,1,0,1,1,14,4,3.0,-3.0,0,1,16.0,62.0,3.88,0.5202777777777778,46.0,7.589743589743589,0.0,0.0
529,544,529,CHIEFS,TITANS,20,1,0,35,24,51.0,6.3125,5.08620689655172,404,295,0,3,2,1,0,1,0,2,14,4,-7.0,7.0,1,0,27.0,112.0,4.15,0.4972222222222222,61.0,8.342857142857143,0.0,0.0
530,545,530,49ERS,PACKERS,20,1,0,37,20,46.5,6.941176470588241,6.17241379310345,354,358,0,3,1,1,0,1,0,1,15,3,-8.0,8.0,1,0,42.0,285.0,6.79,0.4797222222222222,10.0,8.625,3.0,3.0
531,547,531,TITANS,CHIEFS,20,0,1,24,35,51.0,5.0862,6.3125,295,404,0,2,3,0,1,0,1,2,11,8,7.0,-7.0,0,1,23.0,85.0,3.7,0.5027777777777778,85.0,6.5625,1.0,1.0
532,548,532,CHIEFS,49ERS,21,1,0,31,20,52.5,5.29333333333333,6.5,397,351,2,1,4,1,0,1,0,0,15,4,-1.0,1.0,1,0,29.0,129.0,4.45,0.5536111111111109,24.0,6.3809523809523805,1.0,1.0
533,549,533,49ERS,CHIEFS,21,0,1,20,31,52.5,6.5,5.2933,351,397,2,4,1,0,1,0,1,0,15,4,1.0,-1.0,0,1,22.0,141.0,6.41,0.4463888888888889,45.0,6.774193548387097,2.0,2.0
